timestamp,2270-LIT-11825,2270-LSHH-11826,2270-LSLL-11829,2270-PDAH-11827,2280-WI-01769,2270-SAL-11817,2270-SAL-11818,2270-FIT-11801,2270-TT-11824B,2270-ZM-009-06,2270-LIT-11850,2270-ZM-009-31,DT-2270-HDR,pHT-2270-RGH,2270-PIT-11895
2026-02-25T00:55:05.718Z,85.0,0,0,1.18,0.0,0,0,0.0,24.9247,0,45.0,1,1.0,7.5,65.0
2026-02-25T00:55:06.718Z,85.0,0,0,1.18,0.0,0,0,0.0,25.2704,0,45.0,1,1.0,7.5,65.0
2026-02-25T00:55:07.718Z,85.0,0,0,1.18,0.0,0,0,0.0,25.1392,0,45.0,1,1.0,7.5,65.0
2026-02-25T00:55:08.718Z,85.0,0,0,1.18,0.0,0,0,0.0,25.0592,0,45.0,1,1.0,7.5,65.0
2026-02-25T00:55:09.718Z,85.0,0,0,1.18,0.0,0,0,0.0,24.7936,0,45.0,1,1.0,7.5,65.0
2026-02-25T00:55:10.718Z,85.0,0,0,1.18,0.0,0,0,0.0,24.7936,0,45.0,1,1.0,7.5,65.0
2026-02-25T00:55:11.718Z,85.0,0,0,1.18,0.0,0,0,0.0,24.7349,0,45.0,1,1.0,7.5,65.0
2026-02-25T00:55:12.718Z,85.0,0,0,1.18,0.0,0,0,0.0,25.2197,0,45.0,1,1.0,7.5,65.0
2026-02-25T00:55:13.718Z,85.0,0,0,1.18,0.0,0,0,0.0,25.0607,0,45.0,1,1.0,7.5,65.0
2026-02-25T00:55:14.718Z,85.0,0,0,1.18,0.0,0,0,0.0,25.1248,0,45.0,1,1.0,7.5,65.0
2026-02-25T00:55:15.718Z,85.0,0,0,1.18,0.0,0,0,0.0,24.7124,0,45.0,1,1.0,7.5,65.0
2026-02-25T00:55:16.718Z,84.92,0,0,1.3294,12.188,1,1,49.0843,27.5588,1,45.0,1,1.0199,12.4,65.0
2026-02-25T00:55:17.718Z,84.84,0,0,1.3287,11.8727,1,1,47.1743,30.2458,1,45.0,1,1.038,12.4,65.0
2026-02-25T00:55:18.718Z,84.76,0,0,1.3281,12.0099,1,1,47.9716,32.7237,1,45.0,1,1.0542,12.4,65.0
2026-02-25T00:55:19.718Z,84.68,0,0,1.3274,12.0447,1,1,47.8185,35.1026,1,45.0,1,1.0689,12.4,65.0
2026-02-25T00:55:20.718Z,84.6,0,0,1.3268,11.9465,1,1,47.7422,37.6396,1,45.0,1,1.082,12.4,65.0
2026-02-25T00:55:21.718Z,84.52,0,0,1.3262,11.8799,1,1,47.5337,39.6497,1,45.0,1,1.0938,12.4,65.0
2026-02-25T00:55:22.718Z,84.44,0,0,1.3255,11.8186,1,1,47.3819,41.4106,1,45.0,1,1.1044,12.4,65.0
2026-02-25T00:55:23.718Z,84.36,0,0,1.3249,11.826,1,1,47.753,43.7814,1,45.0,1,1.1138,12.4,65.0
2026-02-25T00:55:24.718Z,84.28,0,0,1.3242,12.1234,1,1,48.298,45.0966,1,45.0,1,1.1225,12.4,65.0
2026-02-25T00:55:25.718Z,84.2,0,0,1.3236,12.0737,1,1,48.2349,46.8477,1,45.0,1,1.1303,12.4,65.0
2026-02-25T00:55:26.718Z,84.12,0,0,1.323,11.9981,1,1,47.5267,48.9933,1,45.0,1,1.1374,12.4,65.0
2026-02-25T00:55:27.718Z,84.04,0,0,1.3223,11.9035,1,1,47.7766,50.188,1,45.0,1,1.1436,12.4,65.0
2026-02-25T00:55:28.718Z,83.96,0,0,1.3217,12.008,1,1,48.0788,51.5942,1,45.0,1,1.1492,12.4,65.0
2026-02-25T00:55:29.718Z,83.88,0,0,1.321,12.1878,1,1,49.0265,53.4424,1,45.0,1,1.1542,12.4,65.0
2026-02-25T00:55:30.718Z,83.8,0,0,1.3204,12.1579,1,1,48.7296,54.7673,1,45.0,1,1.1588,12.4,65.0
2026-02-25T00:55:31.718Z,83.72,0,0,1.3198,11.8354,1,1,47.0376,55.5334,1,45.0,1,1.163,12.4,65.0
2026-02-25T00:55:32.718Z,83.64,0,0,1.3191,11.9301,1,1,47.6092,56.8852,1,45.0,1,1.1667,12.4,65.0
2026-02-25T00:55:33.718Z,83.56,0,0,1.3185,12.1315,1,1,48.3827,58.048,1,45.0,1,1.1701,12.4,65.0
2026-02-25T00:55:34.718Z,83.48,0,0,1.3178,12.0171,1,1,47.7092,59.4725,1,45.0,1,1.1732,12.4,65.0
2026-02-25T00:55:35.718Z,83.4,0,0,1.3172,11.8298,1,1,47.8062,60.4619,1,45.0,1,1.1757,12.4,65.0
2026-02-25T00:55:36.718Z,83.32,0,0,1.3166,11.8795,1,1,47.0235,61.5018,1,45.0,1,1.1783,12.4,65.0
2026-02-25T00:55:37.718Z,83.24,0,0,1.3159,12.0827,1,1,48.56,62.3967,1,45.0,1,1.1804,12.4,65.0
2026-02-25T00:55:38.718Z,83.16,0,0,1.3153,11.8296,1,1,47.1769,62.9,1,45.0,1,1.1824,12.4,65.0
2026-02-25T00:55:39.718Z,83.08,0,0,1.3146,12.1452,1,1,48.7043,63.8656,1,45.0,1,1.1841,12.4,65.0
2026-02-25T00:55:40.718Z,83.0,0,0,1.314,11.8254,1,1,47.1127,64.6748,1,45.0,1,1.1858,12.4,65.0
2026-02-25T00:55:41.718Z,82.92,0,0,1.3134,12.0918,1,1,48.5049,65.7653,1,45.0,1,1.1871,12.4,65.0
2026-02-25T00:55:42.718Z,82.84,0,0,1.3127,11.9889,1,1,47.5751,66.4062,1,45.0,1,1.1885,12.4,65.0
2026-02-25T00:55:43.718Z,82.76,0,0,1.3121,12.1043,1,1,48.4785,67.1235,1,45.0,1,1.1897,12.4,65.0
2026-02-25T00:55:44.718Z,82.68,0,0,1.3114,11.9975,1,1,48.0128,67.5681,1,45.0,1,1.1907,12.4,65.0
2026-02-25T00:55:45.718Z,82.6,0,0,1.3108,11.8102,1,1,46.8486,67.9728,1,45.0,1,1.1917,12.4,65.0
2026-02-25T00:55:46.718Z,82.52,0,0,1.3102,12.0546,1,1,48.0326,68.8571,1,45.0,1,1.1926,12.4,65.0
2026-02-25T00:55:47.718Z,82.44,0,0,1.3095,12.163,1,1,48.4014,69.3698,1,45.0,1,1.1934,12.4,65.0
2026-02-25T00:55:48.718Z,82.36,0,0,1.3089,12.1022,1,1,48.1377,69.7141,1,45.0,1,1.1941,12.4,65.0
2026-02-25T00:55:49.718Z,82.28,0,0,1.3082,11.9159,1,1,47.3248,70.747,1,45.0,1,1.1948,12.4,65.0
2026-02-25T00:55:50.718Z,82.2,0,0,1.3076,12.1232,1,1,48.6264,71.18,1,45.0,1,1.1953,12.4,65.0
2026-02-25T00:55:51.718Z,82.12,0,0,1.307,12.1215,1,1,48.1724,71.6627,1,45.0,1,1.1958,12.4,65.0
2026-02-25T00:55:52.718Z,82.04,0,0,1.3063,12.0157,1,1,48.3704,72.076,1,45.0,1,1.1962,12.4,65.0
2026-02-25T00:55:53.718Z,81.96,0,0,1.3057,11.9272,1,1,47.3189,72.1059,1,45.0,1,1.1967,12.4,65.0
2026-02-25T00:55:54.718Z,81.88,0,0,1.305,11.9708,1,1,48.2014,72.8539,1,45.0,1,1.1969,12.4,65.0
2026-02-25T00:55:55.718Z,81.8,0,0,1.3044,11.8028,1,1,47.2219,72.9555,1,45.0,1,1.1972,12.4,65.0
2026-02-25T00:55:56.718Z,81.72,0,0,1.3038,11.8888,1,1,47.1752,73.2795,1,45.0,1,1.1976,12.4,65.0
2026-02-25T00:55:57.718Z,81.64,0,0,1.3031,12.1772,1,1,48.5319,73.7294,1,45.0,1,1.1979,12.4,65.0
2026-02-25T00:55:58.718Z,81.56,0,0,1.3025,12.0812,1,1,48.1885,74.323,1,45.0,1,1.1981,12.4,65.0
2026-02-25T00:55:59.718Z,81.48,0,0,1.3018,12.185,1,1,48.4917,74.3504,1,45.0,1,1.1984,12.4,65.0
2026-02-25T00:56:00.718Z,81.4,0,0,1.3012,11.9204,1,1,47.4662,74.369,1,45.0,1,1.1986,12.4,65.0
2026-02-25T00:56:01.718Z,81.32,0,0,1.3006,12.0438,1,1,48.178,74.6453,1,45.0,1,1.1987,12.4,65.0
2026-02-25T00:56:02.718Z,81.24,0,0,1.2999,11.9115,1,1,48.0541,74.9891,1,45.0,1,1.1988,12.4,65.0
2026-02-25T00:56:03.718Z,81.16,0,0,1.2993,11.858,1,1,47.4213,75.6801,1,45.0,1,1.1989,12.4,65.0
2026-02-25T00:56:04.718Z,81.08,0,0,1.2986,11.8968,1,1,47.7594,75.7663,1,45.0,1,1.1989,12.4,65.0
2026-02-25T00:56:05.718Z,81.0,0,0,1.298,11.8951,1,1,47.8084,75.7364,1,45.0,1,1.199,12.4,65.0
2026-02-25T00:56:06.718Z,80.92,0,0,1.2974,12.0529,1,1,48.3452,76.0388,1,45.0,1,1.1991,12.4,65.0
2026-02-25T00:56:07.718Z,80.84,0,0,1.2967,11.8361,1,1,47.6798,76.0896,1,45.0,1,1.1991,12.4,65.0
2026-02-25T00:56:08.718Z,80.76,0,0,1.2961,11.8746,1,1,47.0392,76.4687,1,45.0,1,1.1993,12.4,65.0
2026-02-25T00:56:09.718Z,80.68,0,0,1.2954,12.071,1,1,47.8007,76.6285,1,45.0,1,1.1995,12.4,65.0
2026-02-25T00:56:10.718Z,80.6,0,0,1.2948,11.8906,1,1,47.7076,76.5864,1,45.0,1,1.1995,12.4,65.0
2026-02-25T00:56:11.718Z,80.52,0,0,1.2942,12.0764,1,1,48.1922,77.2112,1,45.0,1,1.1996,12.4,65.0
2026-02-25T00:56:12.718Z,80.44,0,0,1.2935,11.855,1,1,47.2611,76.8791,1,45.0,1,1.1997,12.4,65.0
2026-02-25T00:56:13.718Z,80.36,0,0,1.2929,12.1699,1,1,49.0568,77.089,1,45.0,1,1.1996,12.4,65.0
2026-02-25T00:56:14.718Z,80.28,0,0,1.2922,12.064,1,1,48.5732,77.3877,1,45.0,1,1.1996,12.4,65.0
2026-02-25T00:56:15.718Z,80.2,0,0,1.2916,12.0119,1,1,47.7893,77.2576,1,45.0,1,1.1997,12.4,65.0
2026-02-25T00:56:16.718Z,80.12,0,0,1.291,12.1589,1,1,49.036,77.684,1,45.0,1,1.1996,12.4,65.0
2026-02-25T00:56:17.718Z,80.04,0,0,1.2903,11.9356,1,1,47.5917,77.8683,1,45.0,1,1.1997,12.4,65.0
2026-02-25T00:56:18.718Z,79.96,0,0,1.2897,12.1588,1,1,49.0225,77.9923,1,45.0,1,1.1996,12.4,65.0
2026-02-25T00:56:19.718Z,79.88,0,0,1.289,12.0568,1,1,47.8114,77.754,1,45.0,1,1.1998,12.4,65.0
2026-02-25T00:56:20.718Z,79.8,0,0,1.2884,12.1594,1,1,48.7441,77.7587,1,45.0,1,1.1998,12.4,65.0
2026-02-25T00:56:21.718Z,79.72,0,0,1.2878,11.8406,1,1,47.5259,77.8441,1,45.0,1,1.1997,12.4,65.0
2026-02-25T00:56:22.718Z,79.64,0,0,1.2871,11.8643,1,1,47.506,78.3463,1,45.0,1,1.1998,12.4,65.0
2026-02-25T00:56:23.718Z,79.56,0,0,1.2865,12.0608,1,1,47.9674,78.4627,1,45.0,1,1.1998,12.4,65.0
2026-02-25T00:56:24.718Z,79.48,0,0,1.2858,11.8949,1,1,47.405,78.5767,1,45.0,1,1.1999,12.4,65.0
2026-02-25T00:56:25.718Z,79.4,0,0,1.2852,12.0599,1,1,48.5886,78.5822,1,45.0,1,1.1998,12.4,65.0
2026-02-25T00:56:26.718Z,79.32,0,0,1.2846,12.0273,1,1,47.703,78.5073,1,45.0,1,1.1999,12.4,65.0
2026-02-25T00:56:27.718Z,79.24,0,0,1.2839,11.9061,1,1,47.3683,78.956,1,45.0,1,1.2,12.4,65.0
2026-02-25T00:56:28.718Z,79.16,0,0,1.2833,11.9572,1,1,48.221,78.7949,1,45.0,1,1.1999,12.4,65.0
2026-02-25T00:56:29.718Z,79.08,0,0,1.2826,12.1179,1,1,48.4743,78.8264,1,45.0,1,1.1999,12.4,65.0
2026-02-25T00:56:30.718Z,79.0,0,0,1.282,11.997,1,1,47.6833,78.9923,1,45.0,1,1.2,12.4,65.0
2026-02-25T00:56:31.718Z,78.92,0,0,1.2814,11.9123,1,1,47.1736,79.0309,1,45.0,1,1.2001,12.4,65.0
2026-02-25T00:56:32.718Z,78.84,0,0,1.2807,11.8708,1,1,47.9238,79.2435,1,45.0,1,1.2,12.4,65.0
2026-02-25T00:56:33.718Z,78.76,0,0,1.2801,12.1659,1,1,48.5339,78.7392,1,45.0,1,1.2,12.4,65.0
2026-02-25T00:56:34.718Z,78.68,0,0,1.2794,12.1713,1,1,48.6135,79.3625,1,45.0,1,1.2,12.4,65.0
2026-02-25T00:56:35.718Z,78.6,0,0,1.2788,12.1854,1,1,49.0948,78.9853,1,45.0,1,1.2,12.4,65.0
2026-02-25T00:56:36.718Z,78.52,0,0,1.2782,11.954,1,1,48.1673,79.0233,1,45.0,1,1.1999,12.4,65.0
2026-02-25T00:56:37.718Z,78.44,0,0,1.2775,11.8678,1,1,47.528,79.4349,1,45.0,1,1.1999,12.4,65.0
2026-02-25T00:56:38.718Z,78.36,0,0,1.2769,12.0784,1,1,48.3837,78.9688,1,45.0,1,1.1999,12.4,65.0
2026-02-25T00:56:39.718Z,78.28,0,0,1.2762,12.046,1,1,48.6741,79.0064,1,45.0,1,1.1998,12.4,65.0
2026-02-25T00:56:40.718Z,78.2,0,0,1.2756,12.0073,1,1,48.4067,79.3842,1,45.0,1,1.1997,12.4,65.0
2026-02-25T00:56:41.718Z,78.12,0,0,1.275,12.0788,1,1,48.5177,79.182,1,45.0,1,1.1997,12.4,65.0
2026-02-25T00:56:42.718Z,78.04,0,0,1.2743,11.9174,1,1,47.9791,79.4713,1,45.0,1,1.1996,12.4,65.0
2026-02-25T00:56:43.718Z,77.96,0,0,1.2737,12.1468,1,1,49.0006,79.3046,1,45.0,1,1.1996,12.4,65.0
2026-02-25T00:56:44.718Z,77.88,0,0,1.273,12.0006,1,1,48.3007,79.4059,1,45.0,1,1.1995,12.4,65.0
2026-02-25T00:56:45.718Z,77.8,0,0,1.2724,12.0808,1,1,48.6189,79.5674,1,45.0,1,1.1995,12.4,65.0
2026-02-25T00:56:46.718Z,77.72,0,0,1.2718,11.9352,1,1,47.6164,79.1303,1,45.0,1,1.1996,12.4,65.0
2026-02-25T00:56:47.718Z,77.64,0,0,1.2711,12.0313,1,1,47.6612,79.4114,1,45.0,1,1.1997,12.4,65.0
2026-02-25T00:56:48.718Z,77.56,0,0,1.2705,12.0171,1,1,47.8548,79.5272,1,45.0,1,1.1998,12.4,65.0
2026-02-25T00:56:49.718Z,77.48,0,0,1.2698,11.8122,1,1,46.7861,79.7198,1,45.0,1,1.2,12.4,65.0
2026-02-25T00:56:50.718Z,77.4,0,0,1.2692,11.9441,1,1,47.4034,79.5849,1,45.0,1,1.2001,12.4,65.0
2026-02-25T00:56:51.718Z,77.32,0,0,1.2686,12.108,1,1,48.1478,79.6829,1,45.0,1,1.2001,12.4,65.0
2026-02-25T00:56:52.718Z,77.24,0,0,1.2679,11.8341,1,1,46.8882,79.6739,1,45.0,1,1.2002,12.4,65.0
2026-02-25T00:56:53.718Z,77.16,0,0,1.2673,12.0163,1,1,48.2024,79.8001,1,45.0,1,1.2002,12.4,65.0
2026-02-25T00:56:54.718Z,77.08,0,0,1.2666,12.1903,1,1,48.7777,79.5741,1,45.0,1,1.2001,12.4,65.0
2026-02-25T00:56:55.718Z,77.0,0,0,1.266,12.1181,1,1,48.2431,79.6727,1,45.0,1,1.2002,12.4,65.0
2026-02-25T00:56:56.718Z,76.92,0,0,1.2654,11.8314,1,1,46.8509,80.0293,1,45.0,1,1.2003,12.4,65.0
2026-02-25T00:56:57.718Z,76.84,0,0,1.2647,12.1344,1,1,48.7335,79.6985,1,45.0,1,1.2002,12.4,65.0
2026-02-25T00:56:58.718Z,76.76,0,0,1.2641,11.8693,1,1,47.1337,79.6356,1,45.0,1,1.2003,12.4,65.0
2026-02-25T00:56:59.718Z,76.68,0,0,1.2634,12.0197,1,1,48.2934,79.8801,1,45.0,1,1.2002,12.4,65.0
2026-02-25T00:57:00.718Z,76.6,0,0,1.2628,11.912,1,1,48.1028,79.9115,1,45.0,1,1.2001,12.4,65.0
2026-02-25T00:57:01.718Z,76.52,0,0,1.2622,12.0217,1,1,48.1987,79.7257,1,45.0,1,1.2,12.4,65.0
2026-02-25T00:57:02.718Z,76.44,0,0,1.2615,11.8991,1,1,47.4523,79.9483,1,45.0,1,1.2001,12.4,65.0
2026-02-25T00:57:03.718Z,76.36,0,0,1.2609,11.8058,1,1,46.8391,79.5541,1,45.0,1,1.2002,12.4,65.0
2026-02-25T00:57:04.718Z,76.28,0,0,1.2602,11.8163,1,1,47.6206,79.9368,1,45.0,1,1.2,12.4,65.0
2026-02-25T00:57:05.718Z,76.2,0,0,1.2596,11.9897,1,1,47.5565,79.8421,1,45.0,1,1.2001,12.4,65.0
2026-02-25T00:57:06.718Z,76.12,0,0,1.259,11.9894,1,1,47.6308,79.834,1,45.0,1,1.2002,12.4,65.0
2026-02-25T00:57:07.718Z,76.04,0,0,1.2583,11.9594,1,1,47.9535,79.9544,1,45.0,1,1.2002,12.4,65.0
2026-02-25T00:57:08.718Z,75.96,0,0,1.2577,11.8181,1,1,47.1471,79.9625,1,45.0,1,1.2002,12.4,65.0
2026-02-25T00:57:09.718Z,75.88,0,0,1.257,12.0013,1,1,48.3615,79.9676,1,45.0,1,1.2001,12.4,65.0
2026-02-25T00:57:10.718Z,75.8,0,0,1.2564,11.8652,1,1,47.0313,79.9893,1,45.0,1,1.2002,12.4,65.0
2026-02-25T00:57:11.718Z,75.72,0,0,1.2558,11.8106,1,1,47.3282,80.1678,1,45.0,1,1.2001,12.4,65.0
2026-02-25T00:57:12.718Z,75.64,0,0,1.2551,12.0302,1,1,48.0089,80.0009,1,45.0,1,1.2001,12.4,65.0
2026-02-25T00:57:13.718Z,75.56,0,0,1.2545,11.9833,1,1,47.9788,80.1814,1,45.0,1,1.2001,12.4,65.0
2026-02-25T00:57:14.718Z,75.48,0,0,1.2538,11.9544,1,1,48.279,80.1377,1,45.0,1,1.2,12.4,65.0
2026-02-25T00:57:15.718Z,75.4,0,0,1.2532,11.8783,1,1,47.0826,79.6853,1,45.0,1,1.2001,12.4,65.0
2026-02-25T00:57:16.718Z,75.32,0,0,1.2526,11.8073,1,1,46.8236,80.0623,1,45.0,1,1.2002,12.4,65.0
2026-02-25T00:57:17.718Z,75.24,0,0,1.2519,11.8285,1,1,47.1329,80.1723,1,45.0,1,1.2002,12.4,65.0
2026-02-25T00:57:18.718Z,75.16,0,0,1.2513,11.8093,1,1,47.5517,79.818,1,45.0,1,1.2001,12.4,65.0
2026-02-25T00:57:19.718Z,75.08,0,0,1.2506,11.8473,1,1,47.5858,80.0175,1,45.0,1,1.2001,12.4,65.0
2026-02-25T00:57:20.718Z,75.0,0,0,1.25,12.151,1,1,48.839,80.112,1,45.0,1,1.2,12.4,65.0
2026-02-25T00:57:21.718Z,74.92,0,0,1.2494,11.9128,1,1,47.3287,80.1025,1,45.0,1,1.2001,12.4,65.0
2026-02-25T00:57:22.718Z,74.84,0,0,1.2487,12.1227,1,1,48.9814,79.8746,1,45.0,1,1.1999,12.4,65.0
2026-02-25T00:57:23.718Z,74.76,0,0,1.2481,11.9488,1,1,48.0716,79.8193,1,45.0,1,1.1999,12.4,65.0
2026-02-25T00:57:24.718Z,74.68,0,0,1.2474,12.1723,1,1,49.0476,79.8564,1,45.0,1,1.1998,12.4,65.0
2026-02-25T00:57:25.718Z,74.6,0,0,1.2468,12.1003,1,1,48.6559,79.6515,1,45.0,1,1.1998,12.4,65.0
2026-02-25T00:57:26.718Z,74.52,0,0,1.2462,12.161,1,1,48.6493,80.0907,1,45.0,1,1.1998,12.4,65.0
2026-02-25T00:57:27.718Z,74.44,0,0,1.2455,11.928,1,1,48.1076,79.811,1,45.0,1,1.1997,12.4,65.0
2026-02-25T00:57:28.718Z,74.36,0,0,1.2449,11.8043,1,1,47.6227,79.615,1,45.0,1,1.1996,12.4,65.0
2026-02-25T00:57:29.718Z,74.28,0,0,1.2442,11.9277,1,1,48.161,80.1119,1,45.0,1,1.1996,12.4,65.0
2026-02-25T00:57:30.718Z,74.2,0,0,1.2436,12.0294,1,1,48.2493,79.811,1,45.0,1,1.1996,12.4,65.0
2026-02-25T00:57:31.718Z,74.12,0,0,1.243,11.9173,1,1,47.4978,79.9633,1,45.0,1,1.1997,12.4,65.0
2026-02-25T00:57:32.718Z,74.04,0,0,1.2423,12.1009,1,1,48.6954,80.0241,1,45.0,1,1.1996,12.4,65.0
2026-02-25T00:57:33.718Z,73.96,0,0,1.2417,11.8365,1,1,47.3404,79.5926,1,45.0,1,1.1997,12.4,65.0
2026-02-25T00:57:34.718Z,73.88,0,0,1.241,12.0198,1,1,48.0208,80.1012,1,45.0,1,1.1997,12.4,65.0
2026-02-25T00:57:35.718Z,73.8,0,0,1.2404,11.9404,1,1,47.3785,79.6831,1,45.0,1,1.1998,12.4,65.0
2026-02-25T00:57:36.718Z,73.72,0,0,1.2398,12.1046,1,1,48.5366,79.6565,1,45.0,1,1.1998,12.4,65.0
2026-02-25T00:57:37.718Z,73.64,0,0,1.2391,11.8336,1,1,47.5355,79.633,1,45.0,1,1.1998,12.4,65.0
2026-02-25T00:57:38.718Z,73.56,0,0,1.2385,12.1287,1,1,48.7212,79.6321,1,45.0,1,1.1998,12.4,65.0
2026-02-25T00:57:39.718Z,73.48,0,0,1.2378,11.8339,1,1,47.8224,79.7857,1,45.0,1,1.1997,12.4,65.0
2026-02-25T00:57:40.718Z,73.4,0,0,1.2372,11.9483,1,1,48.1058,80.1185,1,45.0,1,1.1996,12.4,65.0
2026-02-25T00:57:41.718Z,73.32,0,0,1.2366,12.1944,1,1,49.031,79.7692,1,45.0,1,1.1996,12.4,65.0
2026-02-25T00:57:42.718Z,73.24,0,0,1.2359,11.8334,1,1,47.6107,79.8703,1,45.0,1,1.1996,12.4,65.0
2026-02-25T00:57:43.718Z,73.16,0,0,1.2353,11.9697,1,1,48.2851,79.5871,1,45.0,1,1.1995,12.4,65.0
2026-02-25T00:57:44.718Z,73.08,0,0,1.2346,11.9971,1,1,47.4996,79.8388,1,45.0,1,1.1997,12.4,65.0
2026-02-25T00:57:45.718Z,73.0,0,0,1.234,11.8225,1,1,46.9089,79.6576,1,45.0,1,1.1998,12.4,65.0
2026-02-25T00:57:46.718Z,72.92,0,0,1.2334,12.0597,1,1,48.4848,79.9288,1,45.0,1,1.1998,12.4,65.0
2026-02-25T00:57:47.718Z,72.84,0,0,1.2327,12.1849,1,1,48.6143,79.7634,1,45.0,1,1.1998,12.4,65.0
2026-02-25T00:57:48.718Z,72.76,0,0,1.2321,12.1474,1,1,48.3134,80.191,1,45.0,1,1.1999,12.4,65.0
2026-02-25T00:57:49.718Z,72.68,0,0,1.2314,11.8049,1,1,47.6893,79.6162,1,45.0,1,1.1998,12.4,65.0
2026-02-25T00:57:50.718Z,72.6,0,0,1.2308,12.1565,1,1,48.6535,80.19,1,45.0,1,1.1998,12.4,65.0
2026-02-25T00:57:51.718Z,72.52,0,0,1.2302,11.8295,1,1,47.3719,80.178,1,45.0,1,1.1998,12.4,65.0
2026-02-25T00:57:52.718Z,72.44,0,0,1.2295,12.0092,1,1,48.1664,80.0116,1,45.0,1,1.1998,12.4,65.0
2026-02-25T00:57:53.718Z,72.36,0,0,1.2289,11.9818,1,1,48.0548,79.9428,1,45.0,1,1.1998,12.4,65.0
2026-02-25T00:57:54.718Z,72.28,0,0,1.2282,12.1605,1,1,48.1873,79.7921,1,45.0,1,1.1999,12.4,65.0
2026-02-25T00:57:55.718Z,72.2,0,0,1.2276,12.1802,1,1,49.1109,79.8789,1,45.0,1,1.1998,12.4,65.0
2026-02-25T00:57:56.718Z,72.12,0,0,1.227,12.0481,1,1,47.9696,79.7358,1,45.0,1,1.1999,12.4,65.0
2026-02-25T00:57:57.718Z,72.04,0,0,1.2263,11.9855,1,1,47.7953,79.9855,1,45.0,1,1.2,12.4,65.0
2026-02-25T00:57:58.718Z,71.96,0,0,1.2257,11.8311,1,1,47.7988,80.2029,1,45.0,1,1.1998,12.4,65.0
2026-02-25T00:57:59.718Z,71.88,0,0,1.225,12.0793,1,1,48.3532,79.7993,1,45.0,1,1.1998,12.4,65.0
2026-02-25T00:58:00.718Z,71.8,0,0,1.2244,12.1255,1,1,48.6868,79.705,1,45.0,1,1.1998,12.4,65.0
2026-02-25T00:58:01.718Z,71.72,0,0,1.2238,12.1644,1,1,48.98,80.1639,1,45.0,1,1.1998,12.4,65.0
2026-02-25T00:58:02.718Z,71.64,0,0,1.2231,12.0903,1,1,48.4746,79.8438,1,45.0,1,1.1997,12.4,65.0
2026-02-25T00:58:03.718Z,71.56,0,0,1.2225,12.1731,1,1,49.0584,79.6048,1,45.0,1,1.1997,12.4,65.0
2026-02-25T00:58:04.718Z,71.48,0,0,1.2218,11.8105,1,1,47.1187,80.0774,1,45.0,1,1.1997,12.4,65.0
2026-02-25T00:58:05.718Z,71.4,0,0,1.2212,12.1949,1,1,48.4301,79.9728,1,45.0,1,1.1999,12.4,65.0
2026-02-25T00:58:06.718Z,71.32,0,0,1.2206,11.9524,1,1,48.2793,80.099,1,45.0,1,1.1998,12.4,65.0
2026-02-25T00:58:07.718Z,71.24,0,0,1.2199,12.1353,1,1,48.51,79.8497,1,45.0,1,1.1998,12.4,65.0
2026-02-25T00:58:08.718Z,71.16,0,0,1.2193,11.9094,1,1,47.1938,80.1505,1,45.0,1,1.1999,12.4,65.0
2026-02-25T00:58:09.718Z,71.08,0,0,1.2186,12.1252,1,1,49.0004,80.205,1,45.0,1,1.1998,12.4,65.0
2026-02-25T00:58:10.718Z,71.0,0,0,1.218,12.0222,1,1,48.3577,80.1632,1,45.0,1,1.1998,12.4,65.0
2026-02-25T00:58:11.718Z,70.92,0,0,1.2174,12.1399,1,1,48.3068,79.8863,1,45.0,1,1.1998,12.4,65.0
2026-02-25T00:58:12.718Z,70.84,0,0,1.2167,11.8517,1,1,47.8607,79.9577,1,45.0,1,1.1997,12.4,65.0
2026-02-25T00:58:13.718Z,70.76,0,0,1.2161,11.8915,1,1,47.7375,79.9603,1,45.0,1,1.1997,12.4,65.0
2026-02-25T00:58:14.718Z,70.68,0,0,1.2154,11.9433,1,1,47.3866,80.0203,1,45.0,1,1.1999,12.4,65.0
2026-02-25T00:58:15.718Z,70.6,0,0,1.2148,12.0081,1,1,48.3048,79.9181,1,45.0,1,1.1998,12.4,65.0
2026-02-25T00:58:16.718Z,70.52,0,0,1.2142,12.1409,1,1,48.6154,79.9444,1,45.0,1,1.1998,12.4,65.0
2026-02-25T00:58:17.718Z,70.44,0,0,1.2135,12.1507,1,1,48.5061,79.6983,1,45.0,1,1.1998,12.4,65.0
2026-02-25T00:58:18.718Z,70.36,0,0,1.2129,11.8115,1,1,47.5012,79.9794,1,45.0,1,1.1998,12.4,65.0
2026-02-25T00:58:19.718Z,70.28,0,0,1.2122,12.0816,1,1,48.0395,79.7101,1,45.0,1,1.1999,12.4,65.0
2026-02-25T00:58:20.718Z,70.2,0,0,1.2116,11.8058,1,1,47.0739,79.9945,1,45.0,1,1.1999,12.4,65.0
2026-02-25T00:58:21.718Z,70.12,0,0,1.211,11.9569,1,1,47.7651,80.1897,1,45.0,1,1.2,12.4,65.0
2026-02-25T00:58:22.718Z,70.04,0,0,1.2103,11.9393,1,1,47.7712,80.1192,1,45.0,1,1.2,12.4,65.0
2026-02-25T00:58:23.718Z,69.96,0,0,1.2097,11.9586,1,1,47.9566,80.162,1,45.0,1,1.1999,12.4,65.0
2026-02-25T00:58:24.718Z,69.88,0,0,1.209,12.1798,1,1,48.3663,80.2233,1,45.0,1,1.2,12.4,65.0
2026-02-25T00:58:25.718Z,69.8,0,0,1.2084,11.9968,1,1,47.7456,79.9584,1,45.0,1,1.2001,12.4,65.0
2026-02-25T00:58:26.718Z,69.72,0,0,1.2078,12.192,1,1,48.7607,79.8815,1,45.0,1,1.2001,12.4,65.0
2026-02-25T00:58:27.718Z,69.64,0,0,1.2071,12.0534,1,1,47.9536,79.7454,1,45.0,1,1.2001,12.4,65.0
2026-02-25T00:58:28.718Z,69.56,0,0,1.2065,11.8516,1,1,47.0343,79.8128,1,45.0,1,1.2002,12.4,65.0
2026-02-25T00:58:29.718Z,69.48,0,0,1.2058,11.8555,1,1,47.563,79.8216,1,45.0,1,1.2002,12.4,65.0
2026-02-25T00:58:30.718Z,69.4,0,0,1.2052,11.9383,1,1,48.1499,79.9735,1,45.0,1,1.2,12.4,65.0
2026-02-25T00:58:31.718Z,69.32,0,0,1.2046,12.067,1,1,47.9404,79.8239,1,45.0,1,1.2001,12.4,65.0
2026-02-25T00:58:32.718Z,69.24,0,0,1.2039,11.8163,1,1,46.9343,79.8946,1,45.0,1,1.2002,12.4,65.0
2026-02-25T00:58:33.718Z,69.16,0,0,1.2033,11.8708,1,1,47.0719,79.8225,1,45.0,1,1.2003,12.4,65.0
2026-02-25T00:58:34.718Z,69.08,0,0,1.2026,11.9843,1,1,47.6436,79.9831,1,45.0,1,1.2003,12.4,65.0
2026-02-25T00:58:35.718Z,69.0,0,0,1.202,12.0014,1,1,48.1959,79.7741,1,45.0,1,1.2002,12.4,65.0
2026-02-25T00:58:36.718Z,68.92,0,0,1.2014,12.1198,1,1,48.607,79.7898,1,45.0,1,1.2002,12.4,65.0
2026-02-25T00:58:37.718Z,68.84,0,0,1.2007,12.1494,1,1,49.0186,79.7517,1,45.0,1,1.2001,12.4,65.0
2026-02-25T00:58:38.718Z,68.76,0,0,1.2001,11.9108,1,1,47.9492,80.1457,1,45.0,1,1.2,12.4,65.0
2026-02-25T00:58:39.718Z,68.68,0,0,1.1994,11.8738,1,1,47.2046,79.9361,1,45.0,1,1.2001,12.4,65.0
2026-02-25T00:58:40.718Z,68.6,0,0,1.1988,11.9938,1,1,48.0935,79.9277,1,45.0,1,1.2,12.4,65.0
2026-02-25T00:58:41.718Z,68.52,0,0,1.1982,11.985,1,1,48.1875,79.714,1,45.0,1,1.2,12.4,65.0
2026-02-25T00:58:42.718Z,68.44,0,0,1.1975,11.901,1,1,47.8172,80.2172,1,45.0,1,1.1999,12.4,65.0
2026-02-25T00:58:43.718Z,68.36,0,0,1.1969,12.0047,1,1,48.0508,79.7435,1,45.0,1,1.1999,12.4,65.0
2026-02-25T00:58:44.718Z,68.28,0,0,1.1962,11.979,1,1,47.9485,79.8239,1,45.0,1,1.1999,12.4,65.0
2026-02-25T00:58:45.718Z,68.2,0,0,1.1956,11.9077,1,1,47.5081,79.6986,1,45.0,1,1.1999,12.4,65.0
2026-02-25T00:58:46.718Z,68.12,0,0,1.195,11.9288,1,1,47.4268,79.9005,1,45.0,1,1.2,12.4,65.0
2026-02-25T00:58:47.718Z,68.04,0,0,1.1943,11.8479,1,1,47.7821,80.0375,1,45.0,1,1.1999,12.4,65.0
2026-02-25T00:58:48.718Z,67.96,0,0,1.1937,12.0716,1,1,48.5757,79.9649,1,45.0,1,1.1999,12.4,65.0
2026-02-25T00:58:49.718Z,67.88,0,0,1.193,11.8348,1,1,47.3762,80.0175,1,45.0,1,1.1999,12.4,65.0
2026-02-25T00:58:50.718Z,67.8,0,0,1.1924,12.0982,1,1,48.3244,79.7476,1,45.0,1,1.1999,12.4,65.0
2026-02-25T00:58:51.718Z,67.72,0,0,1.1918,11.9135,1,1,47.5171,80.068,1,45.0,1,1.1999,12.4,65.0
2026-02-25T00:58:52.718Z,67.64,0,0,1.1911,12.0283,1,1,47.9693,80.2816,1,45.0,1,1.2,12.4,65.0
2026-02-25T00:58:53.718Z,67.56,0,0,1.1905,12.0423,1,1,47.9065,79.7663,1,45.0,1,1.2,12.4,65.0
2026-02-25T00:58:54.718Z,67.48,0,0,1.1898,11.8611,1,1,47.1905,79.8162,1,45.0,1,1.2001,12.4,65.0
2026-02-25T00:58:55.718Z,67.4,0,0,1.1892,11.8746,1,1,47.2836,79.8353,1,45.0,1,1.2002,12.4,65.0
2026-02-25T00:58:56.718Z,67.32,0,0,1.1886,12.1587,1,1,48.2151,80.0684,1,45.0,1,1.2002,12.4,65.0
2026-02-25T00:58:57.718Z,67.24,0,0,1.1879,11.9642,1,1,48.339,79.7908,1,45.0,1,1.2001,12.4,65.0
2026-02-25T00:58:58.718Z,67.16,0,0,1.1873,11.9591,1,1,48.306,80.215,1,45.0,1,1.2,12.4,65.0
2026-02-25T00:58:59.718Z,67.08,0,0,1.1866,12.1268,1,1,48.2652,79.8122,1,45.0,1,1.2,12.4,65.0
2026-02-25T00:59:00.718Z,67.0,0,0,1.186,12.0675,1,1,48.6992,80.019,1,45.0,1,1.1999,12.4,65.0
2026-02-25T00:59:01.718Z,66.92,0,0,1.1854,12.0286,1,1,47.8946,80.16,1,45.0,1,1.2,12.4,65.0
2026-02-25T00:59:02.718Z,66.84,0,0,1.1847,11.8748,1,1,47.3229,79.9639,1,45.0,1,1.2,12.4,65.0
2026-02-25T00:59:03.718Z,66.76,0,0,1.1841,12.003,1,1,47.7546,79.7919,1,45.0,1,1.2001,12.4,65.0
2026-02-25T00:59:04.718Z,66.68,0,0,1.1834,12.0442,1,1,47.9656,80.0828,1,45.0,1,1.2001,12.4,65.0
2026-02-25T00:59:05.718Z,66.6,0,0,1.1828,11.8617,1,1,47.4281,80.053,1,45.0,1,1.2001,12.4,65.0
2026-02-25T00:59:06.718Z,66.52,0,0,1.1822,11.8207,1,1,47.1195,79.8219,1,45.0,1,1.2002,12.4,65.0
2026-02-25T00:59:07.718Z,66.44,0,0,1.1815,11.8253,1,1,47.7914,79.9044,1,45.0,1,1.2,12.4,65.0
2026-02-25T00:59:08.718Z,66.36,0,0,1.1809,12.1239,1,1,48.2504,80.1334,1,45.0,1,1.2001,12.4,65.0
2026-02-25T00:59:09.718Z,66.28,0,0,1.1802,12.1041,1,1,48.512,80.0008,1,45.0,1,1.2,12.4,65.0
2026-02-25T00:59:10.718Z,66.2,0,0,1.1796,11.9647,1,1,47.7078,80.2833,1,45.0,1,1.2001,12.4,65.0
2026-02-25T00:59:11.718Z,66.12,0,0,1.179,12.1322,1,1,48.994,79.7728,1,45.0,1,1.2,12.4,65.0
2026-02-25T00:59:12.718Z,66.04,0,0,1.1783,12.0923,1,1,48.8077,79.7824,1,45.0,1,1.1999,12.4,65.0
2026-02-25T00:59:13.718Z,65.96,0,0,1.1777,11.8266,1,1,47.5475,80.0057,1,45.0,1,1.1998,12.4,65.0
2026-02-25T00:59:14.718Z,65.88,0,0,1.177,12.1367,1,1,48.1867,80.1607,1,45.0,1,1.1999,12.4,65.0
2026-02-25T00:59:15.718Z,65.8,0,0,1.1764,11.8807,1,1,47.1863,79.8025,1,45.0,1,1.2,12.4,65.0
2026-02-25T00:59:16.718Z,65.72,0,0,1.1758,12.1258,1,1,48.6685,80.0082,1,45.0,1,1.2,12.4,65.0
2026-02-25T00:59:17.718Z,65.64,0,0,1.1751,11.9435,1,1,48.1513,79.9086,1,45.0,1,1.1999,12.4,65.0
2026-02-25T00:59:18.718Z,65.56,0,0,1.1745,12.1266,1,1,48.4457,79.9041,1,45.0,1,1.1999,12.4,65.0
2026-02-25T00:59:19.718Z,65.48,0,0,1.1738,11.9851,1,1,47.7417,80.1391,1,45.0,1,1.2,12.4,65.0
2026-02-25T00:59:20.718Z,65.4,0,0,1.1732,12.0011,1,1,47.7366,80.2461,1,45.0,1,1.2,12.4,65.0
2026-02-25T00:59:21.718Z,65.32,0,0,1.1726,11.9536,1,1,47.8578,80.2475,1,45.0,1,1.2,12.4,65.0
2026-02-25T00:59:22.718Z,65.24,0,0,1.1719,12.0497,1,1,47.8157,80.2893,1,45.0,1,1.2001,12.4,65.0
2026-02-25T00:59:23.718Z,65.16,0,0,1.1713,12.0511,1,1,48.0392,79.8172,1,45.0,1,1.2001,12.4,65.0
2026-02-25T00:59:24.718Z,65.08,0,0,1.1706,12.1176,1,1,48.5905,80.0452,1,45.0,1,1.2001,12.4,65.0
2026-02-25T00:59:25.718Z,65.0,0,0,1.17,12.1576,1,1,48.9188,79.7987,1,45.0,1,1.2,12.4,65.0
2026-02-25T00:59:26.718Z,64.92,0,0,1.1694,11.9247,1,1,47.4472,80.1682,1,45.0,1,1.2001,12.4,65.0
2026-02-25T00:59:27.718Z,64.84,0,0,1.1687,11.8134,1,1,47.3235,80.1742,1,45.0,1,1.2001,12.4,65.0
2026-02-25T00:59:28.718Z,64.76,0,0,1.1681,12.1507,1,1,48.4449,80.2176,1,45.0,1,1.2001,12.4,65.0
2026-02-25T00:59:29.718Z,64.68,0,0,1.1674,11.8443,1,1,47.7235,79.7801,1,45.0,1,1.2,12.4,65.0
2026-02-25T00:59:30.718Z,64.6,0,0,1.1668,11.9589,1,1,48.133,79.7764,1,45.0,1,1.1999,12.4,65.0
2026-02-25T00:59:31.718Z,64.52,0,0,1.1662,11.8917,1,1,47.7891,80.1064,1,45.0,1,1.1999,12.4,65.0
2026-02-25T00:59:32.718Z,64.44,0,0,1.1655,12.0565,1,1,48.4198,79.9902,1,45.0,1,1.1998,12.4,65.0
2026-02-25T00:59:33.718Z,64.36,0,0,1.1649,11.9007,1,1,47.4486,79.7843,1,45.0,1,1.1999,12.4,65.0
2026-02-25T00:59:34.718Z,64.28,0,0,1.1642,12.1634,1,1,48.7369,79.9124,1,45.0,1,1.1999,12.4,65.0
2026-02-25T00:59:35.718Z,64.2,0,0,1.1636,11.9848,1,1,48.3865,79.7398,1,45.0,1,1.1998,12.4,65.0
2026-02-25T00:59:36.718Z,64.12,0,0,1.163,12.0345,1,1,48.1439,80.017,1,45.0,1,1.1998,12.4,65.0
2026-02-25T00:59:37.718Z,64.04,0,0,1.1623,11.8072,1,1,47.6011,80.1904,1,45.0,1,1.1997,12.4,65.0
2026-02-25T00:59:38.718Z,63.96,0,0,1.1617,12.0261,1,1,48.3009,80.1768,1,45.0,1,1.1997,12.4,65.0
2026-02-25T00:59:39.718Z,63.88,0,0,1.161,12.0829,1,1,47.9841,79.9929,1,45.0,1,1.1998,12.4,65.0
2026-02-25T00:59:40.718Z,63.8,0,0,1.1604,12.0427,1,1,48.0949,80.0959,1,45.0,1,1.1999,12.4,65.0
2026-02-25T00:59:41.718Z,63.72,0,0,1.1598,12.1737,1,1,49.1206,79.9031,1,45.0,1,1.1998,12.4,65.0
2026-02-25T00:59:42.718Z,63.64,0,0,1.1591,11.8453,1,1,47.866,80.1114,1,45.0,1,1.1997,12.4,65.0
2026-02-25T00:59:43.718Z,63.56,0,0,1.1585,11.8499,1,1,47.8203,80.1104,1,45.0,1,1.1996,12.4,65.0
2026-02-25T00:59:44.718Z,63.48,0,0,1.1578,12.0075,1,1,48.1214,79.8282,1,45.0,1,1.1996,12.4,65.0
2026-02-25T00:59:45.718Z,63.4,0,0,1.1572,11.8219,1,1,47.1228,80.0857,1,45.0,1,1.1997,12.4,65.0
2026-02-25T00:59:46.718Z,63.32,0,0,1.1566,11.8019,1,1,47.0409,79.8574,1,45.0,1,1.1998,12.4,65.0
2026-02-25T00:59:47.718Z,63.24,0,0,1.1559,12.015,1,1,48.4797,79.8066,1,45.0,1,1.1997,12.4,65.0
2026-02-25T00:59:48.718Z,63.16,0,0,1.1553,11.9388,1,1,47.9926,79.8616,1,45.0,1,1.1997,12.4,65.0
2026-02-25T00:59:49.718Z,63.08,0,0,1.1546,11.8898,1,1,47.5118,79.683,1,45.0,1,1.1997,12.4,65.0
2026-02-25T00:59:50.718Z,63.0,0,0,1.154,11.8706,1,1,47.4806,79.855,1,45.0,1,1.1997,12.4,65.0
2026-02-25T00:59:51.718Z,62.92,0,0,1.1534,12.1659,1,1,48.5261,79.9646,1,45.0,1,1.1998,12.4,65.0
2026-02-25T00:59:52.718Z,62.84,0,0,1.1527,12.0529,1,1,47.7247,80.0466,1,45.0,1,1.1999,12.4,65.0
2026-02-25T00:59:53.718Z,62.76,0,0,1.1521,11.8712,1,1,47.9459,79.7138,1,45.0,1,1.1998,12.4,65.0
2026-02-25T00:59:54.718Z,62.68,0,0,1.1514,11.9658,1,1,47.4487,80.2506,1,45.0,1,1.1999,12.4,65.0
2026-02-25T00:59:55.718Z,62.6,0,0,1.1508,12.0009,1,1,48.0989,79.6896,1,45.0,1,1.1999,12.4,65.0
2026-02-25T00:59:56.718Z,62.52,0,0,1.1502,12.1,1,1,48.1098,80.2073,1,45.0,1,1.2,12.4,65.0
2026-02-25T00:59:57.718Z,62.44,0,0,1.1495,11.8821,1,1,47.2189,79.71,1,45.0,1,1.2001,12.4,65.0
2026-02-25T00:59:58.718Z,62.36,0,0,1.1489,11.9888,1,1,48.0201,79.7244,1,45.0,1,1.2001,12.4,65.0
2026-02-25T00:59:59.718Z,62.28,0,0,1.1482,12.1102,1,1,48.3941,80.003,1,45.0,1,1.2001,12.4,65.0
2026-02-25T01:00:00.718Z,62.2,0,0,1.1476,11.9763,1,1,47.806,80.0304,1,45.0,1,1.2001,12.4,65.0
2026-02-25T01:00:01.718Z,62.12,0,0,1.147,11.8621,1,1,47.1303,80.2305,1,45.0,1,1.2002,12.4,65.0
2026-02-25T01:00:02.718Z,62.04,0,0,1.1463,12.1784,1,1,48.5871,79.8824,1,45.0,1,1.2002,12.4,65.0
2026-02-25T01:00:03.718Z,61.96,0,0,1.1457,12.0576,1,1,48.1391,79.7394,1,45.0,1,1.2002,12.4,65.0
2026-02-25T01:00:04.718Z,61.88,0,0,1.145,11.8625,1,1,47.6658,80.1059,1,45.0,1,1.2001,12.4,65.0
2026-02-25T01:00:05.718Z,61.8,0,0,1.1444,11.8108,1,1,93.9307,78.4818,1,45.0,1,1.1882,12.4,65.0
2026-02-25T01:00:06.718Z,61.72,0,0,1.1438,12.0688,1,1,95.5895,77.1123,1,45.0,1,1.1777,12.4,65.0
2026-02-25T01:00:07.718Z,61.64,0,0,1.1431,12.12,1,1,96.3168,76.2081,1,45.0,1,1.168,12.4,65.0
2026-02-25T01:00:08.718Z,61.56,0,0,1.1425,11.8953,1,1,94.3611,74.7932,1,45.0,1,1.1594,12.4,65.0
2026-02-25T01:00:09.718Z,61.48,0,0,1.1418,12.0889,1,1,97.4226,74.0131,1,45.0,1,1.1513,12.4,65.0
2026-02-25T01:00:10.718Z,61.4,0,0,1.1412,11.9589,1,1,96.0072,72.5674,1,45.0,1,1.1441,12.4,65.0
2026-02-25T01:00:11.718Z,61.32,0,0,1.1406,11.9173,1,1,96.1307,71.4286,1,45.0,1,1.1375,12.4,65.0
2026-02-25T01:00:12.718Z,61.24,0,0,1.1399,11.8342,1,1,94.0894,70.4842,1,45.0,1,1.1319,12.4,65.0
2026-02-25T01:00:13.718Z,61.16,0,0,1.1393,11.8726,1,1,95.1467,69.8053,1,45.0,1,1.1267,12.4,65.0
2026-02-25T01:00:14.718Z,61.08,0,0,1.1386,12.1571,1,1,97.8914,68.881,1,45.0,1,1.1218,12.4,65.0
2026-02-25T01:00:15.718Z,61.0,0,0,1.138,11.9038,1,1,94.9895,68.2098,1,45.0,1,1.1177,12.4,65.0
2026-02-25T01:00:16.718Z,60.92,0,0,1.1374,11.9072,1,1,95.5061,67.3149,1,45.0,1,1.1139,12.4,65.0
2026-02-25T01:00:17.718Z,60.84,0,0,1.1367,12.0208,1,1,96.0388,66.5043,1,45.0,1,1.1105,12.4,65.0
2026-02-25T01:00:18.718Z,60.76,0,0,1.1361,12.1794,1,1,97.9623,65.6979,1,45.0,1,1.1073,12.4,65.0
2026-02-25T01:00:19.718Z,60.68,0,0,1.1354,12.1474,1,1,97.154,65.4803,1,45.0,1,1.1046,12.4,65.0
2026-02-25T01:00:20.718Z,60.6,0,0,1.1348,12.1199,1,1,96.81,64.322,1,45.0,1,1.1022,12.4,65.0
2026-02-25T01:00:21.718Z,60.52,0,0,1.1342,11.9075,1,1,95.343,64.0819,1,45.0,1,1.1,12.4,65.0
2026-02-25T01:00:22.718Z,60.44,0,0,1.1335,11.9032,1,1,94.504,63.6382,1,45.0,1,1.0981,12.4,65.0
2026-02-25T01:00:23.718Z,60.36,0,0,1.1329,12.1938,1,1,97.6015,62.6927,1,45.0,1,1.0963,12.4,65.0
2026-02-25T01:00:24.718Z,60.28,0,0,1.1322,11.9089,1,1,94.3082,62.6328,1,45.0,1,1.0949,12.4,65.0
2026-02-25T01:00:25.718Z,60.2,0,0,1.1316,11.8471,1,1,94.9298,61.7522,1,45.0,1,1.0934,12.4,65.0
2026-02-25T01:00:26.718Z,60.12,0,0,1.131,12.0217,1,1,96.4762,61.6119,1,45.0,1,1.092,12.4,65.0
2026-02-25T01:00:27.718Z,60.04,0,0,1.1303,11.8826,1,1,94.0825,60.7648,1,45.0,1,1.091,12.4,65.0
2026-02-25T01:00:28.718Z,59.96,0,0,1.1297,12.16,1,1,98.0278,60.6065,1,45.0,1,1.0897,12.4,65.0
2026-02-25T01:00:29.718Z,59.88,0,0,1.129,12.0402,1,1,96.6517,59.9462,1,45.0,1,1.0887,12.4,65.0
2026-02-25T01:00:30.718Z,59.8,0,0,1.1284,12.1658,1,1,97.1637,59.6911,1,45.0,1,1.0879,12.4,65.0
2026-02-25T01:00:31.718Z,59.72,0,0,1.1278,12.0076,1,1,95.1545,59.211,1,45.0,1,1.0873,12.4,65.0
2026-02-25T01:00:32.718Z,59.64,0,0,1.1271,12.0952,1,1,95.9273,59.1395,1,45.0,1,1.0868,12.4,65.0
2026-02-25T01:00:33.718Z,59.56,0,0,1.1265,11.8981,1,1,94.9637,58.6252,1,45.0,1,1.0862,12.4,65.0
2026-02-25T01:00:34.718Z,59.48,0,0,1.1258,11.9423,1,1,95.9762,58.3114,1,45.0,1,1.0854,12.4,65.0
2026-02-25T01:00:35.718Z,59.4,0,0,1.1252,12.0266,1,1,96.1646,58.2353,1,45.0,1,1.0849,12.4,65.0
2026-02-25T01:00:36.718Z,59.32,0,0,1.1246,12.1747,1,1,97.863,57.6777,1,45.0,1,1.0843,12.4,65.0
2026-02-25T01:00:37.718Z,59.24,0,0,1.1239,11.8125,1,1,94.0243,57.6453,1,45.0,1,1.084,12.4,65.0
2026-02-25T01:00:38.718Z,59.16,0,0,1.1233,11.8206,1,1,94.5573,57.392,1,45.0,1,1.0836,12.4,65.0
2026-02-25T01:00:39.718Z,59.08,0,0,1.1226,11.9337,1,1,96.0114,56.8484,1,45.0,1,1.0831,12.4,65.0
2026-02-25T01:00:40.718Z,59.0,0,0,1.122,11.8301,1,1,95.0968,56.846,1,45.0,1,1.0827,12.4,65.0
2026-02-25T01:00:41.718Z,58.92,0,0,1.1214,12.0754,1,1,96.4725,56.4809,1,45.0,1,1.0824,12.4,65.0
2026-02-25T01:00:42.718Z,58.84,0,0,1.1207,12.1276,1,1,97.62,56.5348,1,45.0,1,1.082,12.4,65.0
2026-02-25T01:00:43.718Z,58.76,0,0,1.1201,11.9089,1,1,95.4513,56.1361,1,45.0,1,1.0818,12.4,65.0
2026-02-25T01:00:44.718Z,58.68,0,0,1.1194,11.8366,1,1,95.5277,55.8036,1,45.0,1,1.0814,12.4,65.0
2026-02-25T01:00:45.718Z,58.6,0,0,1.1188,12.1801,1,1,97.3328,55.658,1,45.0,1,1.0813,12.4,65.0
2026-02-25T01:00:46.718Z,58.52,0,0,1.1182,12.0168,1,1,96.88,55.8084,1,45.0,1,1.081,12.4,65.0
2026-02-25T01:00:47.718Z,58.44,0,0,1.1175,12.1226,1,1,97.2986,55.6214,1,45.0,1,1.0808,12.4,65.0
2026-02-25T01:00:48.718Z,58.36,0,0,1.1169,12.1397,1,1,96.6168,55.3566,1,45.0,1,1.0808,12.4,65.0
2026-02-25T01:00:49.718Z,58.28,0,0,1.1162,11.8885,1,1,96.0832,55.4722,1,45.0,1,1.0805,12.4,65.0
2026-02-25T01:00:50.718Z,58.2,0,0,1.1156,11.8158,1,1,94.9373,55.3197,1,45.0,1,1.0804,12.4,65.0
2026-02-25T01:00:51.718Z,58.12,0,0,1.115,11.8722,1,1,95.1137,55.1837,1,45.0,1,1.0803,12.4,65.0
2026-02-25T01:00:52.718Z,58.04,0,0,1.1143,11.8136,1,1,94.9035,54.6853,1,45.0,1,1.0802,12.4,65.0
2026-02-25T01:00:53.718Z,57.96,0,0,1.1137,12.1698,1,1,98.3002,54.945,1,45.0,1,1.0799,12.4,65.0
2026-02-25T01:00:54.718Z,57.88,0,0,1.113,11.9897,1,1,96.6416,54.7659,1,45.0,1,1.0797,12.4,65.0
2026-02-25T01:00:55.718Z,57.8,0,0,1.1124,11.9276,1,1,96.079,54.169,1,45.0,1,1.0796,12.4,65.0
2026-02-25T01:00:56.718Z,57.72,0,0,1.1118,12.0385,1,1,95.7681,54.1296,1,45.0,1,1.0798,12.4,65.0
2026-02-25T01:00:57.718Z,57.64,0,0,1.1111,11.8308,1,1,95.0388,54.1626,1,45.0,1,1.0797,12.4,65.0
2026-02-25T01:00:58.718Z,57.56,0,0,1.1105,12.0899,1,1,95.85,54.0724,1,45.0,1,1.0799,12.4,65.0
2026-02-25T01:00:59.718Z,57.48,0,0,1.1098,12.0158,1,1,96.7078,53.982,1,45.0,1,1.0798,12.4,65.0
2026-02-25T01:01:00.718Z,57.4,0,0,1.1092,12.0504,1,1,97.1748,54.0698,1,45.0,1,1.0796,12.4,65.0
2026-02-25T01:01:01.718Z,57.32,0,0,1.1086,11.8932,1,1,94.1943,54.1613,1,45.0,1,1.0799,12.4,65.0
2026-02-25T01:01:02.718Z,57.24,0,0,1.1079,11.8085,1,1,95.2175,53.8738,1,45.0,1,1.0797,12.4,65.0
2026-02-25T01:01:03.718Z,57.16,0,0,1.1073,12.1756,1,1,98.0026,54.079,1,45.0,1,1.0796,12.4,65.0
2026-02-25T01:01:04.718Z,57.08,0,0,1.1066,11.9403,1,1,96.0567,53.6497,1,45.0,1,1.0795,12.4,65.0
2026-02-25T01:01:05.718Z,57.0,0,0,1.106,11.992,1,1,96.1906,53.8687,1,45.0,1,1.0795,12.4,65.0
2026-02-25T01:01:06.718Z,56.92,0,0,1.1054,12.1936,1,1,98.0856,53.5304,1,45.0,1,1.0794,12.4,65.0
2026-02-25T01:01:07.718Z,56.84,0,0,1.1047,11.9685,1,1,96.2235,53.3622,1,45.0,1,1.0794,12.4,65.0
2026-02-25T01:01:08.718Z,56.76,0,0,1.1041,11.8442,1,1,94.4628,53.3446,1,45.0,1,1.0795,12.4,65.0
2026-02-25T01:01:09.718Z,56.68,0,0,1.1034,11.9185,1,1,94.8154,53.1566,1,45.0,1,1.0797,12.4,65.0
2026-02-25T01:01:10.718Z,56.6,0,0,1.1028,11.8071,1,1,95.4326,53.3274,1,45.0,1,1.0795,12.4,65.0
2026-02-25T01:01:11.718Z,56.52,0,0,1.1022,11.9537,1,1,95.9891,53.153,1,45.0,1,1.0794,12.4,65.0
2026-02-25T01:01:12.718Z,56.44,0,0,1.1015,12.18,1,1,98.0126,53.0266,1,45.0,1,1.0793,12.4,65.0
2026-02-25T01:01:13.718Z,56.36,0,0,1.1009,11.967,1,1,96.4945,53.4903,1,45.0,1,1.0792,12.4,65.0
2026-02-25T01:01:14.718Z,56.28,0,0,1.1002,11.987,1,1,96.1225,52.9843,1,45.0,1,1.0792,12.4,65.0
2026-02-25T01:01:15.718Z,56.2,0,0,1.0996,12.1965,1,1,97.0351,53.4231,1,45.0,1,1.0794,12.4,65.0
2026-02-25T01:01:16.718Z,56.12,0,0,1.099,12.0599,1,1,96.6943,53.1291,1,45.0,1,1.0794,12.4,65.0
2026-02-25T01:01:17.718Z,56.04,0,0,1.0983,11.8923,1,1,94.4912,52.9321,1,45.0,1,1.0797,12.4,65.0
2026-02-25T01:01:18.718Z,55.96,0,0,1.0977,11.8746,1,1,95.5558,52.9719,1,45.0,1,1.0796,12.4,65.0
2026-02-25T01:01:19.718Z,55.88,0,0,1.097,11.8231,1,1,95.5233,53.2505,1,45.0,1,1.0794,12.4,65.0
2026-02-25T01:01:20.718Z,55.8,0,0,1.0964,12.1711,1,1,98.3586,52.7847,1,45.0,1,1.0792,12.4,65.0
2026-02-25T01:01:21.718Z,55.72,0,0,1.0958,11.9585,1,1,96.1845,53.0666,1,45.0,1,1.0791,12.4,65.0
2026-02-25T01:01:22.718Z,55.64,0,0,1.0951,11.8616,1,1,95.5241,52.7521,1,45.0,1,1.0791,12.4,65.0
2026-02-25T01:01:23.718Z,55.56,0,0,1.0945,11.8895,1,1,95.1902,52.9512,1,45.0,1,1.0791,12.4,65.0
2026-02-25T01:01:24.718Z,55.48,0,0,1.0938,12.032,1,1,95.4392,53.114,1,45.0,1,1.0794,12.4,65.0
2026-02-25T01:01:25.718Z,55.4,0,0,1.0932,11.9062,1,1,94.5089,53.1121,1,45.0,1,1.0797,12.4,65.0
2026-02-25T01:01:26.718Z,55.32,0,0,1.0926,12.1823,1,1,98.1823,53.0355,1,45.0,1,1.0795,12.4,65.0
2026-02-25T01:01:27.718Z,55.24,0,0,1.0919,12.0621,1,1,96.5985,52.5831,1,45.0,1,1.0795,12.4,65.0
2026-02-25T01:01:28.718Z,55.16,0,0,1.0913,11.9634,1,1,95.4524,52.6738,1,45.0,1,1.0797,12.4,65.0
2026-02-25T01:01:29.718Z,55.08,0,0,1.0906,12.0894,1,1,96.7067,52.5508,1,45.0,1,1.0797,12.4,65.0
2026-02-25T01:01:30.718Z,55.0,0,0,1.09,11.8881,1,1,95.4711,52.5275,1,45.0,1,1.0796,12.4,65.0
2026-02-25T01:01:31.718Z,54.92,0,0,1.0894,12.1405,1,1,97.1142,52.7562,1,45.0,1,1.0797,12.4,65.0
2026-02-25T01:01:32.718Z,54.84,0,0,1.0887,12.037,1,1,96.9451,52.6539,1,45.0,1,1.0795,12.4,65.0
2026-02-25T01:01:33.718Z,54.76,0,0,1.0881,12.0712,1,1,96.7011,52.5913,1,45.0,1,1.0796,12.4,65.0
2026-02-25T01:01:34.718Z,54.68,0,0,1.0874,12.1515,1,1,97.8065,52.8063,1,45.0,1,1.0795,12.4,65.0
2026-02-25T01:01:35.718Z,54.6,0,0,1.0868,12.1402,1,1,97.8564,52.8153,1,45.0,1,1.0793,12.4,65.0
2026-02-25T01:01:36.718Z,54.52,0,0,1.0862,12.1348,1,1,97.4734,52.7833,1,45.0,1,1.0793,12.4,65.0
2026-02-25T01:01:37.718Z,54.44,0,0,1.0855,12.0474,1,1,96.885,52.4545,1,45.0,1,1.0792,12.4,65.0
2026-02-25T01:01:38.718Z,54.36,0,0,1.0849,12.1523,1,1,97.9625,52.3584,1,45.0,1,1.0791,12.4,65.0
2026-02-25T01:01:39.718Z,54.28,0,0,1.0842,12.1303,1,1,96.3004,52.5455,1,45.0,1,1.0794,12.4,65.0
2026-02-25T01:01:40.718Z,54.2,0,0,1.0836,12.0974,1,1,96.1007,52.8377,1,45.0,1,1.0796,12.4,65.0
2026-02-25T01:01:41.718Z,54.12,0,0,1.083,12.1329,1,1,97.0778,52.3432,1,45.0,1,1.0797,12.4,65.0
2026-02-25T01:01:42.718Z,54.04,0,0,1.0823,11.9148,1,1,95.5524,52.9178,1,45.0,1,1.0796,12.4,65.0
2026-02-25T01:01:43.718Z,53.96,0,0,1.0817,12.0527,1,1,95.9414,52.7099,1,45.0,1,1.0798,12.4,65.0
2026-02-25T01:01:44.718Z,53.88,0,0,1.081,12.016,1,1,96.6876,52.3792,1,45.0,1,1.0797,12.4,65.0
2026-02-25T01:01:45.718Z,53.8,0,0,1.0804,12.1044,1,1,96.9178,52.8859,1,45.0,1,1.0797,12.4,65.0
2026-02-25T01:01:46.718Z,53.72,0,0,1.0798,11.9367,1,1,95.7592,52.8581,1,45.0,1,1.0797,12.4,65.0
2026-02-25T01:01:47.718Z,53.64,0,0,1.0791,11.841,1,1,95.6025,52.6941,1,45.0,1,1.0795,12.4,65.0
2026-02-25T01:01:48.718Z,53.56,0,0,1.0785,11.8271,1,1,94.219,52.708,1,45.0,1,1.0796,12.4,65.0
2026-02-25T01:01:49.718Z,53.48,0,0,1.0778,11.8269,1,1,94.7799,52.4841,1,45.0,1,1.0796,12.4,65.0
2026-02-25T01:01:50.718Z,53.4,0,0,1.0772,12.0484,1,1,95.4784,52.8088,1,45.0,1,1.0799,12.4,65.0
2026-02-25T01:01:51.718Z,53.32,0,0,1.0766,12.1894,1,1,98.4529,52.7182,1,45.0,1,1.0797,12.4,65.0
2026-02-25T01:01:52.718Z,53.24,0,0,1.0759,11.852,1,1,95.3328,52.2723,1,45.0,1,1.0796,12.4,65.0
2026-02-25T01:01:53.718Z,53.16,0,0,1.0753,11.8088,1,1,94.118,52.553,1,45.0,1,1.0797,12.4,65.0
2026-02-25T01:01:54.718Z,53.08,0,0,1.0746,12.1082,1,1,97.2319,52.5192,1,45.0,1,1.0796,12.4,65.0
2026-02-25T01:01:55.718Z,53.0,0,0,1.074,11.9095,1,1,96.2699,52.4906,1,45.0,1,1.0794,12.4,65.0
2026-02-25T01:01:56.718Z,52.92,0,0,1.0734,11.9806,1,1,95.1717,52.7198,1,45.0,1,1.0796,12.4,65.0
2026-02-25T01:01:57.718Z,52.84,0,0,1.0727,12.0775,1,1,96.0613,52.2981,1,45.0,1,1.0798,12.4,65.0
2026-02-25T01:01:58.718Z,52.76,0,0,1.0721,12.0722,1,1,96.8866,52.4059,1,45.0,1,1.0798,12.4,65.0
2026-02-25T01:01:59.718Z,52.68,0,0,1.0714,12.1803,1,1,96.7449,52.5091,1,45.0,1,1.08,12.4,65.0
2026-02-25T01:02:00.718Z,52.6,0,0,1.0708,12.1774,1,1,97.259,52.6326,1,45.0,1,1.08,12.4,65.0
2026-02-25T01:02:01.718Z,52.52,0,0,1.0702,11.959,1,1,95.2207,52.8439,1,45.0,1,1.0801,12.4,65.0
2026-02-25T01:02:02.718Z,52.44,0,0,1.0695,11.9637,1,1,96.4981,52.3776,1,45.0,1,1.0799,12.4,65.0
2026-02-25T01:02:03.718Z,52.36,0,0,1.0689,11.8852,1,1,94.1442,52.6424,1,45.0,1,1.0802,12.4,65.0
2026-02-25T01:02:04.718Z,52.28,0,0,1.0682,11.9474,1,1,96.308,52.5223,1,45.0,1,1.08,12.4,65.0
2026-02-25T01:02:05.718Z,52.2,0,0,1.0676,12.1873,1,1,96.8693,52.7666,1,45.0,1,1.0801,12.4,65.0
2026-02-25T01:02:06.718Z,52.12,0,0,1.067,12.1106,1,1,97.427,52.7423,1,45.0,1,1.08,12.4,65.0
2026-02-25T01:02:07.718Z,52.04,0,0,1.0663,12.1044,1,1,97.0877,52.3089,1,45.0,1,1.0799,12.4,65.0
2026-02-25T01:02:08.718Z,51.96,0,0,1.0657,11.813,1,1,95.3458,52.5865,1,45.0,1,1.0797,12.4,65.0
2026-02-25T01:02:09.718Z,51.88,0,0,1.065,12.1186,1,1,96.912,52.2866,1,45.0,1,1.0797,12.4,65.0
2026-02-25T01:02:10.718Z,51.8,0,0,1.0644,11.8501,1,1,95.1717,52.4682,1,45.0,1,1.0797,12.4,65.0
2026-02-25T01:02:11.718Z,51.72,0,0,1.0638,11.8802,1,1,95.0249,52.2483,1,45.0,1,1.0797,12.4,65.0
2026-02-25T01:02:12.718Z,51.64,0,0,1.0631,12.0328,1,1,95.8003,52.6944,1,45.0,1,1.0799,12.4,65.0
2026-02-25T01:02:13.718Z,51.56,0,0,1.0625,11.9241,1,1,95.3036,52.2234,1,45.0,1,1.0799,12.4,65.0
2026-02-25T01:02:14.718Z,51.48,0,0,1.0618,11.829,1,1,94.4168,52.5067,1,45.0,1,1.08,12.4,65.0
2026-02-25T01:02:15.718Z,51.4,0,0,1.0612,12.04,1,1,95.9034,52.6407,1,45.0,1,1.0801,12.4,65.0
2026-02-25T01:02:16.718Z,51.32,0,0,1.0606,12.144,1,1,97.7121,52.2385,1,45.0,1,1.0799,12.4,65.0
2026-02-25T01:02:17.718Z,51.24,0,0,1.0599,11.9922,1,1,95.1475,52.3706,1,45.0,1,1.0801,12.4,65.0
2026-02-25T01:02:18.718Z,51.16,0,0,1.0593,12.1947,1,1,96.8423,52.5336,1,45.0,1,1.0803,12.4,65.0
2026-02-25T01:02:19.718Z,51.08,0,0,1.0586,12.0473,1,1,96.783,52.5626,1,45.0,1,1.0802,12.4,65.0
2026-02-25T01:02:20.718Z,51.0,0,0,1.058,11.8039,1,1,94.0842,52.5411,1,45.0,1,1.0802,12.4,65.0
2026-02-25T01:02:21.718Z,50.92,0,0,1.0574,11.8351,1,1,94.3824,52.2533,1,45.0,1,1.0803,12.4,65.0
2026-02-25T01:02:22.718Z,50.84,0,0,1.0567,11.8314,1,1,94.4453,52.3143,1,45.0,1,1.0803,12.4,65.0
2026-02-25T01:02:23.718Z,50.76,0,0,1.0561,12.027,1,1,96.5951,52.7079,1,45.0,1,1.0802,12.4,65.0
2026-02-25T01:02:24.718Z,50.68,0,0,1.0554,11.8801,1,1,94.3754,52.2986,1,45.0,1,1.0803,12.4,65.0
2026-02-25T01:02:25.718Z,50.6,0,0,1.0548,12.0546,1,1,96.8495,52.2472,1,45.0,1,1.0802,12.4,65.0
2026-02-25T01:02:26.718Z,50.52,0,0,1.0542,12.1745,1,1,96.4998,52.5643,1,45.0,1,1.0804,12.4,65.0
2026-02-25T01:02:27.718Z,50.44,0,0,1.0535,12.0836,1,1,97.4109,52.6556,1,45.0,1,1.0802,12.4,65.0
2026-02-25T01:02:28.718Z,50.36,0,0,1.0529,12.1207,1,1,96.6444,52.7192,1,45.0,1,1.0802,12.4,65.0
2026-02-25T01:02:29.718Z,50.28,0,0,1.0522,11.832,1,1,95.446,52.546,1,45.0,1,1.08,12.4,65.0
2026-02-25T01:02:30.718Z,50.2,0,0,1.0516,12.1269,1,1,96.92,52.6041,1,45.0,1,1.08,12.4,65.0
2026-02-25T01:02:31.718Z,50.12,0,0,1.051,12.0106,1,1,96.5477,52.2594,1,45.0,1,1.0799,12.4,65.0
2026-02-25T01:02:32.718Z,50.04,0,0,1.0503,11.8241,1,1,94.0873,52.313,1,45.0,1,1.0801,12.4,65.0
2026-02-25T01:02:33.718Z,49.96,0,0,1.0497,12.1487,1,1,96.6281,52.8099,1,45.0,1,1.0802,12.4,65.0
2026-02-25T01:02:34.718Z,49.88,0,0,1.049,11.9348,1,1,94.8423,52.7062,1,45.0,1,1.0803,12.4,65.0
2026-02-25T01:02:35.718Z,49.8,0,0,1.0484,12.0635,1,1,96.5043,52.5641,1,45.0,1,1.0803,12.4,65.0
2026-02-25T01:02:36.718Z,49.72,0,0,1.0478,12.0877,1,1,96.1584,52.8349,1,45.0,1,1.0804,12.4,65.0
2026-02-25T01:02:37.718Z,49.64,0,0,1.0471,12.1899,1,1,97.82,52.3507,1,45.0,1,1.0803,12.4,65.0
2026-02-25T01:02:38.718Z,49.56,0,0,1.0465,12.0721,1,1,95.7211,52.2601,1,45.0,1,1.0805,12.4,65.0
2026-02-25T01:02:39.718Z,49.48,0,0,1.0458,11.9031,1,1,95.1498,52.7617,1,45.0,1,1.0804,12.4,65.0
2026-02-25T01:02:40.718Z,49.4,0,0,1.0452,12.0909,1,1,97.2124,52.4871,1,45.0,1,1.0803,12.4,65.0
2026-02-25T01:02:41.718Z,49.32,0,0,1.0446,11.9384,1,1,95.2491,52.8265,1,45.0,1,1.0803,12.4,65.0
2026-02-25T01:02:42.718Z,49.24,0,0,1.0439,11.816,1,1,95.2624,52.5689,1,45.0,1,1.0801,12.4,65.0
2026-02-25T01:02:43.718Z,49.16,0,0,1.0433,11.9754,1,1,96.2541,52.5061,1,45.0,1,1.08,12.4,65.0
2026-02-25T01:02:44.718Z,49.08,0,0,1.0426,12.1494,1,1,97.9964,52.4552,1,45.0,1,1.0798,12.4,65.0
2026-02-25T01:02:45.718Z,49.0,0,0,1.042,11.9107,1,1,95.4705,52.7468,1,45.0,1,1.0798,12.4,65.0
2026-02-25T01:02:46.718Z,48.92,0,0,1.0414,11.8843,1,1,95.3201,52.5748,1,45.0,1,1.0797,12.4,65.0
2026-02-25T01:02:47.718Z,48.84,0,0,1.0407,12.0932,1,1,96.0091,52.6362,1,45.0,1,1.0799,12.4,65.0
2026-02-25T01:02:48.718Z,48.76,0,0,1.0401,12.1636,1,1,96.6683,52.358,1,45.0,1,1.0801,12.4,65.0
2026-02-25T01:02:49.718Z,48.68,0,0,1.0394,12.1886,1,1,96.8704,52.7364,1,45.0,1,1.0802,12.4,65.0
2026-02-25T01:02:50.718Z,48.6,0,0,1.0388,11.9969,1,1,95.4698,52.7523,1,45.0,1,1.0803,12.4,65.0
2026-02-25T01:02:51.718Z,48.52,0,0,1.0382,11.9781,1,1,95.8546,52.4434,1,45.0,1,1.0803,12.4,65.0
2026-02-25T01:02:52.718Z,48.44,0,0,1.0375,12.0372,1,1,95.6245,52.4708,1,45.0,1,1.0804,12.4,65.0
2026-02-25T01:02:53.718Z,48.36,0,0,1.0369,12.1878,1,1,97.0184,52.6353,1,45.0,1,1.0805,12.4,65.0
2026-02-25T01:02:54.718Z,48.28,0,0,1.0362,11.9301,1,1,95.9876,52.3099,1,45.0,1,1.0803,12.4,65.0
2026-02-25T01:02:55.718Z,48.2,0,0,1.0356,12.1879,1,1,97.411,52.3727,1,45.0,1,1.0803,12.4,65.0
2026-02-25T01:02:56.718Z,48.12,0,0,1.035,11.8294,1,1,93.9747,52.551,1,45.0,1,1.0805,12.4,65.0
2026-02-25T01:02:57.718Z,48.04,0,0,1.0343,11.9348,1,1,96.1362,52.4863,1,45.0,1,1.0802,12.4,65.0
2026-02-25T01:02:58.718Z,47.96,0,0,1.0337,11.8995,1,1,95.4302,52.6471,1,45.0,1,1.0802,12.4,65.0
2026-02-25T01:02:59.718Z,47.88,0,0,1.033,11.8668,1,1,94.2698,52.2536,1,45.0,1,1.0803,12.4,65.0
2026-02-25T01:03:00.718Z,47.8,0,0,1.0324,12.0946,1,1,97.0841,52.5102,1,45.0,1,1.0802,12.4,65.0
2026-02-25T01:03:01.718Z,47.72,0,0,1.0318,12.1377,1,1,97.7127,52.5667,1,45.0,1,1.08,12.4,65.0
2026-02-25T01:03:02.718Z,47.64,0,0,1.0311,12.1473,1,1,96.5902,52.2903,1,45.0,1,1.0802,12.4,65.0
2026-02-25T01:03:03.718Z,47.56,0,0,1.0305,11.9079,1,1,94.3774,52.5536,1,45.0,1,1.0804,12.4,65.0
2026-02-25T01:03:04.718Z,47.48,0,0,1.0298,12.1746,1,1,96.4758,52.3195,1,45.0,1,1.0806,12.4,65.0
2026-02-25T01:03:05.718Z,47.4,0,0,1.0292,11.9809,1,1,96.7148,52.4213,1,45.0,1,1.0803,12.4,65.0
2026-02-25T01:03:06.718Z,47.32,0,0,1.0286,12.0029,1,1,95.1063,52.3323,1,45.0,1,1.0805,12.4,65.0
2026-02-25T01:03:07.718Z,47.24,0,0,1.0279,12.1947,1,1,98.4875,52.2311,1,45.0,1,1.0802,12.4,65.0
2026-02-25T01:03:08.718Z,47.16,0,0,1.0273,12.1807,1,1,97.724,52.7435,1,45.0,1,1.0801,12.4,65.0
2026-02-25T01:03:09.718Z,47.08,0,0,1.0266,11.9819,1,1,95.8864,52.5145,1,45.0,1,1.0801,12.4,65.0
2026-02-25T01:03:10.718Z,47.0,0,0,1.026,12.0667,1,1,95.8133,52.2485,1,45.0,1,1.0803,12.4,65.0
2026-02-25T01:03:11.718Z,46.92,0,0,1.0254,11.9232,1,1,95.7947,52.3442,1,45.0,1,1.0801,12.4,65.0
2026-02-25T01:03:12.718Z,46.84,0,0,1.0247,12.0694,1,1,97.4948,52.265,1,45.0,1,1.0799,12.4,65.0
2026-02-25T01:03:13.718Z,46.76,0,0,1.0241,12.069,1,1,96.4398,52.7307,1,45.0,1,1.0799,12.4,65.0
2026-02-25T01:03:14.718Z,46.68,0,0,1.0234,11.8709,1,1,95.3521,52.7067,1,45.0,1,1.0798,12.4,65.0
2026-02-25T01:03:15.718Z,46.6,0,0,1.0228,12.1778,1,1,97.7893,52.4968,1,45.0,1,1.0798,12.4,65.0
2026-02-25T01:03:16.718Z,46.52,0,0,1.0222,12.0471,1,1,97.1149,52.5305,1,45.0,1,1.0796,12.4,65.0
2026-02-25T01:03:17.718Z,46.44,0,0,1.0215,11.8122,1,1,95.3591,52.59,1,45.0,1,1.0794,12.4,65.0
2026-02-25T01:03:18.718Z,46.36,0,0,1.0209,12.0706,1,1,95.9962,52.5809,1,45.0,1,1.0796,12.4,65.0
2026-02-25T01:03:19.718Z,46.28,0,0,1.0202,11.9575,1,1,95.9628,52.2459,1,45.0,1,1.0796,12.4,65.0
2026-02-25T01:03:20.718Z,46.2,0,0,1.0196,12.0631,1,1,97.5039,52.1977,1,45.0,1,1.0794,12.4,65.0
2026-02-25T01:03:21.718Z,46.12,0,0,1.019,12.1909,1,1,97.3408,52.6954,1,45.0,1,1.0795,12.4,65.0
2026-02-25T01:03:22.718Z,46.04,0,0,1.0183,12.113,1,1,97.0377,52.6155,1,45.0,1,1.0795,12.4,65.0
2026-02-25T01:03:23.718Z,45.96,0,0,1.0177,12.1514,1,1,97.0195,52.3728,1,45.0,1,1.0796,12.4,65.0
2026-02-25T01:03:24.718Z,45.88,0,0,1.017,12.067,1,1,97.152,52.6264,1,45.0,1,1.0795,12.4,65.0
2026-02-25T01:03:25.718Z,45.8,0,0,1.0164,12.1191,1,1,96.8242,52.6631,1,45.0,1,1.0796,12.4,65.0
2026-02-25T01:03:26.718Z,45.72,0,0,1.0158,11.8481,1,1,94.8736,52.1759,1,45.0,1,1.0796,12.4,65.0
2026-02-25T01:03:27.718Z,45.64,0,0,1.0151,11.9298,1,1,95.1716,52.4154,1,45.0,1,1.0797,12.4,65.0
2026-02-25T01:03:28.718Z,45.56,0,0,1.0145,12.0782,1,1,96.4026,52.4512,1,45.0,1,1.0798,12.4,65.0
2026-02-25T01:03:29.718Z,45.48,0,0,1.0138,11.895,1,1,94.9066,52.3229,1,45.0,1,1.0799,12.4,65.0
2026-02-25T01:03:30.718Z,45.4,0,0,1.0132,11.8293,1,1,94.8411,52.5852,1,45.0,1,1.0798,12.4,65.0
2026-02-25T01:03:31.718Z,45.32,0,0,1.0126,12.0478,1,1,96.3094,52.4139,1,45.0,1,1.0799,12.4,65.0
2026-02-25T01:03:32.718Z,45.24,0,0,1.0119,12.1453,1,1,97.2008,52.4737,1,45.0,1,1.0799,12.4,65.0
2026-02-25T01:03:33.718Z,45.16,0,0,1.0113,11.8103,1,1,94.1646,52.4197,1,45.0,1,1.08,12.4,65.0
2026-02-25T01:03:34.718Z,45.08,0,0,1.0106,11.9595,1,1,95.8366,52.5098,1,45.0,1,1.0799,12.4,65.0
2026-02-25T01:03:35.718Z,45.0,0,0,1.01,12.0432,1,1,96.8751,52.6705,1,45.0,1,1.0798,12.4,65.0
2026-02-25T01:03:36.718Z,44.92,0,0,1.0094,12.0872,1,1,97.609,52.1816,1,45.0,1,1.0796,12.4,65.0
2026-02-25T01:03:37.718Z,44.84,0,0,1.0087,11.8783,1,1,94.0416,52.5751,1,45.0,1,1.0799,12.4,65.0
2026-02-25T01:03:38.718Z,44.76,0,0,1.0081,12.1592,1,1,96.7607,52.7507,1,45.0,1,1.08,12.4,65.0
2026-02-25T01:03:39.718Z,44.68,0,0,1.0074,11.8241,1,1,95.4617,52.3933,1,45.0,1,1.0798,12.4,65.0
2026-02-25T01:03:40.718Z,44.6,0,0,1.0068,11.8406,1,1,94.6963,52.3376,1,45.0,1,1.0798,12.4,65.0
2026-02-25T01:03:41.718Z,44.52,0,0,1.0062,11.9139,1,1,94.9262,52.6718,1,45.0,1,1.0799,12.4,65.0
2026-02-25T01:03:42.718Z,44.44,0,0,1.0055,12.0157,1,1,95.7479,52.5621,1,45.0,1,1.08,12.4,65.0
2026-02-25T01:03:43.718Z,44.36,0,0,1.0049,12.0865,1,1,96.2369,52.4507,1,45.0,1,1.0802,12.4,65.0
2026-02-25T01:03:44.718Z,44.28,0,0,1.0042,11.8488,1,1,94.1523,52.6205,1,45.0,1,1.0803,12.4,65.0
2026-02-25T01:03:45.718Z,44.2,0,0,1.0036,11.8726,1,1,95.0309,52.6359,1,45.0,1,1.0803,12.4,65.0
2026-02-25T01:03:46.718Z,44.12,0,0,1.003,11.8428,1,1,94.8766,52.3619,1,45.0,1,1.0802,12.4,65.0
2026-02-25T01:03:47.718Z,44.04,0,0,1.0023,12.1852,1,1,97.4485,52.6917,1,45.0,1,1.0802,12.4,65.0
2026-02-25T01:03:48.718Z,43.96,0,0,1.0017,12.0201,1,1,95.2476,52.6007,1,45.0,1,1.0804,12.4,65.0
2026-02-25T01:03:49.718Z,43.88,0,0,1.001,12.1806,1,1,97.6477,52.7085,1,45.0,1,1.0803,12.4,65.0
2026-02-25T01:03:50.718Z,43.8,0,0,1.0004,12.1537,1,1,96.6856,52.3511,1,45.0,1,1.0804,12.4,65.0
2026-02-25T01:03:51.718Z,43.72,0,0,0.9998,12.0444,1,1,96.1772,52.7291,1,45.0,1,1.0804,12.4,65.0
2026-02-25T01:03:52.718Z,43.64,0,0,0.9991,12.16,1,1,96.9869,52.3702,1,45.0,1,1.0804,12.4,65.0
2026-02-25T01:03:53.718Z,43.56,0,0,0.9985,12.1122,1,1,96.4473,52.7267,1,45.0,1,1.0805,12.4,65.0
2026-02-25T01:03:54.718Z,43.48,0,0,0.9978,11.9695,1,1,96.0911,52.284,1,45.0,1,1.0804,12.4,65.0
2026-02-25T01:03:55.718Z,43.4,0,0,0.9972,12.0495,1,1,96.2999,52.5787,1,45.0,1,1.0804,12.4,65.0
2026-02-25T01:03:56.718Z,43.32,0,0,0.9966,11.8672,1,1,95.4114,52.7362,1,45.0,1,1.0802,12.4,65.0
2026-02-25T01:03:57.718Z,43.24,0,0,0.9959,11.8867,1,1,94.285,52.2436,1,45.0,1,1.0804,12.4,65.0
2026-02-25T01:03:58.718Z,43.16,0,0,0.9953,12.0568,1,1,96.6685,52.5529,1,45.0,1,1.0803,12.4,65.0
2026-02-25T01:03:59.718Z,43.08,0,0,0.9946,11.8928,1,1,94.924,52.5835,1,45.0,1,1.0803,12.4,65.0
2026-02-25T01:04:00.718Z,43.0,0,0,0.994,11.9987,1,1,96.9652,52.2935,1,45.0,1,1.08,12.4,65.0
2026-02-25T01:04:01.718Z,42.92,0,0,0.9934,12.0781,1,1,96.4331,52.4707,1,45.0,1,1.0801,12.4,65.0
2026-02-25T01:04:02.718Z,42.84,0,0,0.9927,12.087,1,1,97.0812,52.8024,1,45.0,1,1.08,12.4,65.0
2026-02-25T01:04:03.718Z,42.76,0,0,0.9921,11.8514,1,1,94.0191,52.6534,1,45.0,1,1.0802,12.4,65.0
2026-02-25T01:04:04.718Z,42.68,0,0,0.9914,12.0314,1,1,95.7992,52.272,1,45.0,1,1.0803,12.4,65.0
2026-02-25T01:04:05.718Z,42.6,0,0,0.9908,11.8343,1,1,95.4625,52.3269,1,45.0,1,1.0801,12.4,65.0
2026-02-25T01:04:06.718Z,42.52,0,0,0.9902,11.9293,1,1,94.8881,52.4321,1,45.0,1,1.0802,12.4,65.0
2026-02-25T01:04:07.718Z,42.44,0,0,0.9895,11.8278,1,1,94.6603,52.2582,1,45.0,1,1.0802,12.4,65.0
2026-02-25T01:04:08.718Z,42.36,0,0,0.9889,12.1201,1,1,96.4286,52.5483,1,45.0,1,1.0803,12.4,65.0
2026-02-25T01:04:09.718Z,42.28,0,0,0.9882,12.152,1,1,97.518,52.5386,1,45.0,1,1.0802,12.4,65.0
2026-02-25T01:04:10.718Z,42.2,0,0,0.9876,11.9297,1,1,95.1039,52.6244,1,45.0,1,1.0802,12.4,65.0
2026-02-25T01:04:11.718Z,42.12,0,0,0.987,12.1977,1,1,97.9049,52.5517,1,45.0,1,1.0801,12.4,65.0
2026-02-25T01:04:12.718Z,42.04,0,0,0.9863,12.0923,1,1,96.6685,52.2533,1,45.0,1,1.0801,12.4,65.0
2026-02-25T01:04:13.718Z,41.96,0,0,0.9857,12.0249,1,1,97.1146,52.3086,1,45.0,1,1.0799,12.4,65.0
2026-02-25T01:04:14.718Z,41.88,0,0,0.985,12.076,1,1,96.0099,52.5333,1,45.0,1,1.0801,12.4,65.0
2026-02-25T01:04:15.718Z,41.8,0,0,0.9844,11.8387,1,1,94.6101,52.6663,1,45.0,1,1.0801,12.4,65.0
2026-02-25T01:04:16.718Z,41.72,0,0,0.9838,11.939,1,1,95.8421,52.6845,1,45.0,1,1.08,12.4,65.0
2026-02-25T01:04:17.718Z,41.64,0,0,0.9831,12.1709,1,1,96.8363,52.454,1,45.0,1,1.0801,12.4,65.0
2026-02-25T01:04:18.718Z,41.56,0,0,0.9825,11.861,1,1,95.8727,52.7558,1,45.0,1,1.0799,12.4,65.0
2026-02-25T01:04:19.718Z,41.48,0,0,0.9818,12.016,1,1,96.8119,52.5025,1,45.0,1,1.0797,12.4,65.0
2026-02-25T01:04:20.718Z,41.4,0,0,0.9812,12.0494,1,1,95.5737,52.6554,1,45.0,1,1.0799,12.4,65.0
2026-02-25T01:04:21.718Z,41.32,0,0,0.9806,11.8511,1,1,95.4608,52.6619,1,45.0,1,1.0798,12.4,65.0
2026-02-25T01:04:22.718Z,41.24,0,0,0.9799,12.0835,1,1,95.7403,52.3883,1,45.0,1,1.08,12.4,65.0
2026-02-25T01:04:23.718Z,41.16,0,0,0.9793,11.9052,1,1,94.9622,52.2627,1,45.0,1,1.0801,12.4,65.0
2026-02-25T01:04:24.718Z,41.08,0,0,0.9786,12.1748,1,1,97.5059,52.3914,1,45.0,1,1.0801,12.4,65.0
2026-02-25T01:04:25.718Z,41.0,0,0,0.978,11.9588,1,1,95.5647,52.5696,1,45.0,1,1.0801,12.4,65.0
2026-02-25T01:04:26.718Z,40.92,0,0,0.9774,12.0063,1,1,96.889,52.495,1,45.0,1,1.0799,12.4,65.0
2026-02-25T01:04:27.718Z,40.84,0,0,0.9767,12.1969,1,1,98.2778,52.3123,1,45.0,1,1.0797,12.4,65.0
2026-02-25T01:04:28.718Z,40.76,0,0,0.9761,12.1722,1,1,96.6106,52.6892,1,45.0,1,1.0799,12.4,65.0
2026-02-25T01:04:29.718Z,40.68,0,0,0.9754,11.9522,1,1,96.3739,52.7089,1,45.0,1,1.0797,12.4,65.0
2026-02-25T01:04:30.718Z,40.6,0,0,0.9748,12.1224,1,1,97.559,52.3633,1,45.0,1,1.0796,12.4,65.0
2026-02-25T01:04:31.718Z,40.52,0,0,0.9742,11.8324,1,1,94.4649,52.2884,1,45.0,1,1.0797,12.4,65.0
2026-02-25T01:04:32.718Z,40.44,0,0,0.9735,12.078,1,1,96.316,52.7748,1,45.0,1,1.0798,12.4,65.0
2026-02-25T01:04:33.718Z,40.36,0,0,0.9729,12.0564,1,1,97.0961,52.2603,1,45.0,1,1.0797,12.4,65.0
2026-02-25T01:04:34.718Z,40.28,0,0,0.9722,12.1448,1,1,98.004,52.4622,1,45.0,1,1.0795,12.4,65.0
2026-02-25T01:04:35.718Z,40.2,0,0,0.9716,12.0425,1,1,96.8696,52.2688,1,45.0,1,1.0794,12.4,65.0
2026-02-25T01:04:36.718Z,40.12,0,0,0.971,12.001,1,1,95.8055,52.2564,1,45.0,1,1.0795,12.4,65.0
2026-02-25T01:04:37.718Z,40.04,0,0,0.9703,11.947,1,1,94.7125,52.1982,1,45.0,1,1.0798,12.4,65.0
2026-02-25T01:04:38.718Z,39.96,0,0,0.9697,11.8541,1,1,95.7588,52.5,1,45.0,1,1.0796,12.4,65.0
2026-02-25T01:04:39.718Z,39.88,0,0,0.969,12.1863,1,1,97.3556,52.3608,1,45.0,1,1.0797,12.4,65.0
2026-02-25T01:04:40.718Z,39.8,0,0,0.9684,12.0025,1,1,95.8987,52.2401,1,45.0,1,1.0797,12.4,65.0
2026-02-25T01:04:41.718Z,39.72,0,0,0.9678,12.0563,1,1,95.8827,52.5578,1,45.0,1,1.0799,12.4,65.0
2026-02-25T01:04:42.718Z,39.64,0,0,0.9671,12.0601,1,1,95.7847,52.2335,1,45.0,1,1.0801,12.4,65.0
2026-02-25T01:04:43.718Z,39.56,0,0,0.9665,12.1123,1,1,96.818,52.2329,1,45.0,1,1.0801,12.4,65.0
2026-02-25T01:04:44.718Z,39.48,0,0,0.9658,12.1979,1,1,96.6991,52.6277,1,45.0,1,1.0803,12.4,65.0
2026-02-25T01:04:45.718Z,39.4,0,0,0.9652,12.1935,1,1,97.0261,52.3029,1,45.0,1,1.0804,12.4,65.0
2026-02-25T01:04:46.718Z,39.32,0,0,0.9646,11.8486,1,1,94.395,52.283,1,45.0,1,1.0805,12.4,65.0
2026-02-25T01:04:47.718Z,39.24,0,0,0.9639,12.0769,1,1,95.7395,52.5395,1,45.0,1,1.0806,12.4,65.0
2026-02-25T01:04:48.718Z,39.16,0,0,0.9633,12.1987,1,1,98.2174,52.5925,1,45.0,1,1.0804,12.4,65.0
2026-02-25T01:04:49.718Z,39.08,0,0,0.9626,11.9225,1,1,95.6278,52.5349,1,45.0,1,1.0803,12.4,65.0
2026-02-25T01:04:50.718Z,39.0,0,0,0.962,11.9704,1,1,95.0249,52.7604,1,45.0,1,1.0805,12.4,65.0
2026-02-25T01:04:51.718Z,38.92,0,0,0.9614,11.9799,1,1,95.2286,52.4565,1,45.0,1,1.0806,12.4,65.0
2026-02-25T01:04:52.718Z,38.84,0,0,0.9607,11.9657,1,1,96.3803,52.6648,1,45.0,1,1.0803,12.4,65.0
2026-02-25T01:04:53.718Z,38.76,0,0,0.9601,12.1077,1,1,95.8838,52.4872,1,45.0,1,1.0806,12.4,65.0
2026-02-25T01:04:54.718Z,38.68,0,0,0.9594,11.9925,1,1,94.9787,52.4054,1,45.0,1,1.0807,12.4,65.0
2026-02-25T01:04:55.718Z,38.6,0,0,0.9588,12.1041,1,1,96.1071,52.5786,1,45.0,1,1.0808,12.4,65.0
2026-02-25T01:04:56.718Z,38.52,0,0,0.9582,11.8861,1,1,94.1129,52.4135,1,45.0,1,1.081,12.4,65.0
2026-02-25T01:04:57.718Z,38.44,0,0,0.9575,12.1903,1,1,98.1259,52.8327,1,45.0,1,1.0808,12.4,65.0
2026-02-25T01:04:58.718Z,38.36,0,0,0.9569,11.9951,1,1,95.1806,52.5941,1,45.0,1,1.0809,12.4,65.0
2026-02-25T01:04:59.718Z,38.28,0,0,0.9562,11.9818,1,1,96.5427,52.3111,1,45.0,1,1.0806,12.4,65.0
2026-02-25T01:05:00.718Z,38.2,0,0,0.9556,11.9953,1,1,95.2625,52.4546,1,45.0,1,1.0807,12.4,65.0
2026-02-25T01:05:01.718Z,38.12,0,0,0.955,12.0949,1,1,96.7116,52.483,1,45.0,1,1.0807,12.4,65.0
2026-02-25T01:05:02.718Z,38.04,0,0,0.9543,11.9578,1,1,95.5812,52.7268,1,45.0,1,1.0806,12.4,65.0
2026-02-25T01:05:03.718Z,37.96,0,0,0.9537,12.1568,1,1,98.1653,52.7123,1,45.0,1,1.0803,12.4,65.0
2026-02-25T01:05:04.718Z,37.88,0,0,0.953,11.9262,1,1,95.7856,52.4954,1,45.0,1,1.0802,12.4,65.0
2026-02-25T01:05:05.718Z,37.8,0,0,0.9524,11.9019,1,1,95.8967,52.2444,1,45.0,1,1.08,12.4,65.0
2026-02-25T01:05:06.718Z,37.72,0,0,0.9518,12.1607,1,1,97.2086,52.6037,1,45.0,1,1.08,12.4,65.0
2026-02-25T01:05:07.718Z,37.64,0,0,0.9511,12.0637,1,1,97.3002,52.5912,1,45.0,1,1.0798,12.4,65.0
2026-02-25T01:05:08.718Z,37.56,0,0,0.9505,12.0456,1,1,95.4979,52.5322,1,45.0,1,1.0801,12.4,65.0
2026-02-25T01:05:09.718Z,37.48,0,0,0.9498,11.8601,1,1,95.3554,52.5206,1,45.0,1,1.0799,12.4,65.0
2026-02-25T01:05:10.718Z,37.4,0,0,0.9492,12.0721,1,1,95.6601,52.2767,1,45.0,1,1.0802,12.4,65.0
2026-02-25T01:05:11.718Z,37.32,0,0,0.9486,12.0865,1,1,95.8364,52.2795,1,45.0,1,1.0804,12.4,65.0
2026-02-25T01:05:12.718Z,37.24,0,0,0.9479,11.8048,1,1,95.3517,52.6643,1,45.0,1,1.0801,12.4,65.0
2026-02-25T01:05:13.718Z,37.16,0,0,0.9473,11.9413,1,1,95.1235,52.4364,1,45.0,1,1.0802,12.4,65.0
2026-02-25T01:05:14.718Z,37.08,0,0,0.9466,12.1099,1,1,97.2016,52.3318,1,45.0,1,1.0801,12.4,65.0
2026-02-25T01:05:15.718Z,37.0,0,0,0.946,11.8696,1,1,94.1539,52.6275,1,45.0,1,1.0803,12.4,65.0
2026-02-25T01:05:16.718Z,36.92,0,0,0.9454,12.1057,1,1,96.3761,52.2491,1,45.0,1,1.0804,12.4,65.0
2026-02-25T01:05:17.718Z,36.84,0,0,0.9447,11.8329,1,1,95.5987,52.3985,1,45.0,1,1.0801,12.4,65.0
2026-02-25T01:05:18.718Z,36.76,0,0,0.9441,12.1077,1,1,97.1108,52.4458,1,45.0,1,1.08,12.4,65.0
2026-02-25T01:05:19.718Z,36.68,0,0,0.9434,11.8823,1,1,94.301,52.5958,1,45.0,1,1.0802,12.4,65.0
2026-02-25T01:05:20.718Z,36.6,0,0,0.9428,12.1099,1,1,97.1666,52.5396,1,45.0,1,1.0801,12.4,65.0
2026-02-25T01:05:21.718Z,36.52,0,0,0.9422,11.8168,1,1,95.4712,52.6861,1,45.0,1,1.0799,12.4,65.0
2026-02-25T01:05:22.718Z,36.44,0,0,0.9415,11.9171,1,1,96.297,52.5539,1,45.0,1,1.0796,12.4,65.0
2026-02-25T01:05:23.718Z,36.36,0,0,0.9409,12.033,1,1,96.7599,52.6732,1,45.0,1,1.0796,12.4,65.0
2026-02-25T01:05:24.718Z,36.28,0,0,0.9402,12.0626,1,1,95.7569,52.4005,1,45.0,1,1.0798,12.4,65.0
2026-02-25T01:05:25.718Z,36.2,0,0,0.9396,12.1712,1,1,96.8191,52.4287,1,45.0,1,1.0799,12.4,65.0
2026-02-25T01:05:26.718Z,36.12,0,0,0.939,11.9728,1,1,95.6615,52.5747,1,45.0,1,1.08,12.4,65.0
2026-02-25T01:05:27.718Z,36.04,0,0,0.9383,12.1772,1,1,96.8992,52.2868,1,45.0,1,1.0801,12.4,65.0
2026-02-25T01:05:28.718Z,35.96,0,0,0.9377,11.879,1,1,95.8058,52.5896,1,45.0,1,1.0799,12.4,65.0
2026-02-25T01:05:29.718Z,35.88,0,0,0.937,11.9144,1,1,95.9468,52.7098,1,45.0,1,1.0798,12.4,65.0
2026-02-25T01:05:30.718Z,35.8,0,0,0.9364,12.1386,1,1,97.9467,52.3329,1,45.0,1,1.0796,12.4,65.0
2026-02-25T01:05:31.718Z,35.72,0,0,0.9358,12.102,1,1,96.7372,52.6888,1,45.0,1,1.0796,12.4,65.0
2026-02-25T01:05:32.718Z,35.64,0,0,0.9351,12.0914,1,1,97.2841,52.5703,1,45.0,1,1.0795,12.4,65.0
2026-02-25T01:05:33.718Z,35.56,0,0,0.9345,11.871,1,1,95.0578,52.7673,1,45.0,1,1.0796,12.4,65.0
2026-02-25T01:05:34.718Z,35.48,0,0,0.9338,12.175,1,1,96.486,52.2896,1,45.0,1,1.0798,12.4,65.0
2026-02-25T01:05:35.718Z,35.4,0,0,0.9332,11.8527,1,1,95.2735,52.6753,1,45.0,1,1.0797,12.4,65.0
2026-02-25T01:05:36.718Z,35.32,0,0,0.9326,11.8854,1,1,95.0949,52.6896,1,45.0,1,1.0798,12.4,65.0
2026-02-25T01:05:37.718Z,35.24,0,0,0.9319,12.0931,1,1,96.8294,52.539,1,45.0,1,1.0798,12.4,65.0
2026-02-25T01:05:38.718Z,35.16,0,0,0.9313,12.0033,1,1,95.6219,52.5303,1,45.0,1,1.0799,12.4,65.0
2026-02-25T01:05:39.718Z,35.08,0,0,0.9306,12.0756,1,1,97.3511,52.563,1,45.0,1,1.0797,12.4,65.0
2026-02-25T01:05:40.718Z,35.0,0,0,0.93,12.1044,1,1,96.1557,52.4688,1,45.0,1,1.0799,12.4,65.0
2026-02-25T01:05:41.718Z,34.92,0,0,0.9294,11.8037,1,1,93.9232,52.6356,1,45.0,1,1.08,12.4,65.0
2026-02-25T01:05:42.718Z,34.84,0,0,0.9287,12.1967,1,1,96.7721,52.452,1,45.0,1,1.0802,12.4,65.0
2026-02-25T01:05:43.718Z,34.76,0,0,0.9281,12.12,1,1,96.3683,52.5521,1,45.0,1,1.0804,12.4,65.0
2026-02-25T01:05:44.718Z,34.68,0,0,0.9274,12.0932,1,1,96.9778,52.3276,1,45.0,1,1.0803,12.4,65.0
2026-02-25T01:05:45.718Z,34.6,0,0,0.9268,11.9422,1,1,96.1048,52.5384,1,45.0,1,1.0801,12.4,65.0
2026-02-25T01:05:46.718Z,34.52,0,0,0.9262,11.8021,1,1,94.9387,52.2192,1,45.0,1,1.08,12.4,65.0
2026-02-25T01:05:47.718Z,34.44,0,0,0.9255,12.0983,1,1,96.1913,52.7815,1,45.0,1,1.0801,12.4,65.0
2026-02-25T01:05:48.718Z,34.36,0,0,0.9249,11.9472,1,1,95.2313,52.3006,1,45.0,1,1.0802,12.4,65.0
2026-02-25T01:05:49.718Z,34.28,0,0,0.9242,11.9222,1,1,96.1312,52.7978,1,45.0,1,1.08,12.4,65.0
2026-02-25T01:05:50.718Z,34.2,0,0,0.9236,11.9473,1,1,95.4758,52.6347,1,45.0,1,1.08,12.4,65.0
2026-02-25T01:05:51.718Z,34.12,0,0,0.923,12.1545,1,1,97.4219,52.4337,1,45.0,1,1.08,12.4,65.0
2026-02-25T01:05:52.718Z,34.04,0,0,0.9223,11.965,1,1,96.1116,52.1952,1,45.0,1,1.0799,12.4,65.0
2026-02-25T01:05:53.718Z,33.96,0,0,0.9217,12.0478,1,1,96.0937,52.6742,1,45.0,1,1.0799,12.4,65.0
2026-02-25T01:05:54.718Z,33.88,0,0,0.921,11.8372,1,1,94.874,52.4838,1,45.0,1,1.0799,12.4,65.0
2026-02-25T01:05:55.718Z,33.8,0,0,0.9204,12.0569,1,1,95.5851,52.556,1,45.0,1,1.0801,12.4,65.0
2026-02-25T01:05:56.718Z,33.72,0,0,0.9198,12.0246,1,1,96.3181,52.568,1,45.0,1,1.0801,12.4,65.0
2026-02-25T01:05:57.718Z,33.64,0,0,0.9191,12.0706,1,1,97.1747,52.3588,1,45.0,1,1.0799,12.4,65.0
2026-02-25T01:05:58.718Z,33.56,0,0,0.9185,12.13,1,1,97.0367,52.2434,1,45.0,1,1.0799,12.4,65.0
2026-02-25T01:05:59.718Z,33.48,0,0,0.9178,11.8234,1,1,94.2558,52.6731,1,45.0,1,1.08,12.4,65.0
2026-02-25T01:06:00.718Z,33.4,0,0,0.9172,12.0831,1,1,97.2418,52.5042,1,45.0,1,1.0799,12.4,65.0
2026-02-25T01:06:01.718Z,33.32,0,0,0.9166,11.9761,1,1,95.1035,52.4013,1,45.0,1,1.0801,12.4,65.0
2026-02-25T01:06:02.718Z,33.24,0,0,0.9159,11.9736,1,1,94.9661,52.3484,1,45.0,1,1.0803,12.4,65.0
2026-02-25T01:06:03.718Z,33.16,0,0,0.9153,12.0393,1,1,96.7856,52.8076,1,45.0,1,1.0801,12.4,65.0
2026-02-25T01:06:04.718Z,33.08,0,0,0.9146,12.1732,1,1,97.6711,52.4569,1,45.0,1,1.08,12.4,65.0
2026-02-25T01:06:05.718Z,33.0,0,0,0.914,12.0545,1,1,97.0071,52.2668,1,45.0,1,1.0799,12.4,65.0
2026-02-25T01:06:06.718Z,32.92,0,0,0.9134,11.964,1,1,96.3913,52.4166,1,45.0,1,1.0797,12.4,65.0
2026-02-25T01:06:07.718Z,32.84,0,0,0.9127,12.0287,1,1,96.4055,52.2952,1,45.0,1,1.0797,12.4,65.0
2026-02-25T01:06:08.718Z,32.76,0,0,0.9121,11.9449,1,1,95.2282,52.2058,1,45.0,1,1.0798,12.4,65.0
2026-02-25T01:06:09.718Z,32.68,0,0,0.9114,11.8097,1,1,95.1408,52.3448,1,45.0,1,1.0797,12.4,65.0
2026-02-25T01:06:10.718Z,32.6,0,0,0.9108,12.0072,1,1,95.6553,52.7521,1,45.0,1,1.0798,12.4,65.0
2026-02-25T01:06:11.718Z,32.52,0,0,0.9102,11.9037,1,1,95.0891,52.714,1,45.0,1,1.0799,12.4,65.0
2026-02-25T01:06:12.718Z,32.44,0,0,0.9095,12.1368,1,1,96.4664,52.6814,1,45.0,1,1.08,12.4,65.0
2026-02-25T01:06:13.718Z,32.36,0,0,0.9089,11.9833,1,1,95.8321,52.2804,1,45.0,1,1.08,12.4,65.0
2026-02-25T01:06:14.718Z,32.28,0,0,0.9082,11.8322,1,1,95.1138,52.4916,1,45.0,1,1.0799,12.4,65.0
2026-02-25T01:06:15.718Z,32.2,0,0,0.9076,11.9747,1,1,96.2569,52.6468,1,45.0,1,1.0798,12.4,65.0
2026-02-25T01:06:16.718Z,32.12,0,0,0.907,11.8636,1,1,95.129,52.2661,1,45.0,1,1.0798,12.4,65.0
2026-02-25T01:06:17.718Z,32.04,0,0,0.9063,12.1006,1,1,97.1183,52.7552,1,45.0,1,1.0797,12.4,65.0
2026-02-25T01:06:18.718Z,31.96,0,0,0.9057,11.8276,1,1,93.7348,52.3644,1,45.0,1,1.08,12.4,65.0
2026-02-25T01:06:19.718Z,31.88,0,0,0.905,11.9047,1,1,94.7314,52.7465,1,45.0,1,1.0801,12.4,65.0
2026-02-25T01:06:20.718Z,31.8,0,0,0.9044,11.8998,1,1,94.7424,52.6648,1,45.0,1,1.0802,12.4,65.0
2026-02-25T01:06:21.718Z,31.72,0,0,0.9038,11.9799,1,1,96.3926,52.2401,1,45.0,1,1.08,12.4,65.0
2026-02-25T01:06:22.718Z,31.64,0,0,0.9031,11.995,1,1,95.0275,52.2519,1,45.0,1,1.0803,12.4,65.0
2026-02-25T01:06:23.718Z,31.56,0,0,0.9025,12.1626,1,1,96.5791,52.5433,1,45.0,1,1.0804,12.4,65.0
2026-02-25T01:06:24.718Z,31.48,0,0,0.9018,11.9644,1,1,95.4102,52.767,1,45.0,1,1.0805,12.4,65.0
2026-02-25T01:06:25.718Z,31.4,0,0,0.9012,11.8087,1,1,94.7974,52.799,1,45.0,1,1.0803,12.4,65.0
2026-02-25T01:06:26.718Z,31.32,0,0,0.9006,12.0241,1,1,97.0662,52.2389,1,45.0,1,1.0801,12.4,65.0
2026-02-25T01:06:27.718Z,31.24,0,0,0.8999,11.9675,1,1,95.2605,52.6526,1,45.0,1,1.0802,12.4,65.0
2026-02-25T01:06:28.718Z,31.16,0,0,0.8993,12.1925,1,1,97.0532,52.6128,1,45.0,1,1.0803,12.4,65.0
2026-02-25T01:06:29.718Z,31.08,0,0,0.8986,11.8792,1,1,95.1646,52.4957,1,45.0,1,1.0802,12.4,65.0
2026-02-25T01:06:30.718Z,31.0,0,0,0.898,12.1888,1,1,97.7275,52.4232,1,45.0,1,1.0802,12.4,65.0
2026-02-25T01:06:31.718Z,30.92,0,0,0.8974,11.8456,1,1,94.0676,52.3582,1,45.0,1,1.0803,12.4,65.0
2026-02-25T01:06:32.718Z,30.84,0,0,0.8967,11.9004,1,1,95.9043,52.5485,1,45.0,1,1.0801,12.4,65.0
2026-02-25T01:06:33.718Z,30.76,0,0,0.8961,12.0094,1,1,95.3044,52.7384,1,45.0,1,1.0803,12.4,65.0
2026-02-25T01:06:34.718Z,30.68,0,0,0.8954,12.0891,1,1,95.8483,52.6583,1,45.0,1,1.0805,12.4,65.0
2026-02-25T01:06:35.718Z,30.6,0,0,0.8948,12.0174,1,1,95.3028,52.519,1,45.0,1,1.0806,12.4,65.0
2026-02-25T01:06:36.718Z,30.52,0,0,0.8942,11.9939,1,1,95.2826,52.8188,1,45.0,1,1.0807,12.4,65.0
2026-02-25T01:06:37.718Z,30.44,0,0,0.8935,12.14,1,1,97.458,52.5215,1,45.0,1,1.0806,12.4,65.0
2026-02-25T01:06:38.718Z,30.36,0,0,0.8929,11.9647,1,1,96.0196,52.5648,1,45.0,1,1.0804,12.4,65.0
2026-02-25T01:06:39.718Z,30.28,0,0,0.8922,11.8249,1,1,94.6243,52.7192,1,45.0,1,1.0804,12.4,65.0
2026-02-25T01:06:40.718Z,30.2,0,0,0.8916,11.9837,1,1,94.9735,52.7183,1,45.0,1,1.0806,12.4,65.0
2026-02-25T01:06:41.718Z,30.12,0,0,0.891,11.8805,1,1,94.5616,52.35,1,45.0,1,1.0806,12.4,65.0
2026-02-25T01:06:42.718Z,30.04,0,0,0.8903,11.9321,1,1,95.9702,52.5529,1,45.0,1,1.0805,12.4,65.0
2026-02-25T01:06:43.718Z,29.96,0,0,0.8897,11.882,1,1,95.8113,52.7561,1,45.0,1,1.0802,12.4,65.0
2026-02-25T01:06:44.718Z,29.88,0,0,0.889,12.1482,1,1,96.6634,52.5051,1,45.0,1,1.0803,12.4,65.0
2026-02-25T01:06:45.718Z,29.8,0,0,0.8884,12.194,1,1,98.096,52.2414,1,45.0,1,1.0802,12.4,65.0
2026-02-25T01:06:46.718Z,29.72,0,0,0.8878,11.8261,1,1,94.5365,52.7704,1,45.0,1,1.0802,12.4,65.0
2026-02-25T01:06:47.718Z,29.64,0,0,0.8871,12.0155,1,1,96.1195,52.287,1,45.0,1,1.0801,12.4,65.0
2026-02-25T01:06:48.718Z,29.56,0,0,0.8865,12.0627,1,1,97.1459,52.4416,1,45.0,1,1.08,12.4,65.0
2026-02-25T01:06:49.718Z,29.48,0,0,0.8858,12.1102,1,1,97.8109,52.3219,1,45.0,1,1.0797,12.4,65.0
2026-02-25T01:06:50.718Z,29.4,0,0,0.8852,12.0093,1,1,95.6489,52.6815,1,45.0,1,1.0799,12.4,65.0
2026-02-25T01:06:51.718Z,29.32,0,0,0.8846,12.031,1,1,96.5175,52.6804,1,45.0,1,1.0798,12.4,65.0
2026-02-25T01:06:52.718Z,29.24,0,0,0.8839,11.9584,1,1,96.4973,52.5096,1,45.0,1,1.0796,12.4,65.0
2026-02-25T01:06:53.718Z,29.16,0,0,0.8833,11.8632,1,1,95.2973,52.6606,1,45.0,1,1.0796,12.4,65.0
2026-02-25T01:06:54.718Z,29.08,0,0,0.8826,11.9267,1,1,96.128,52.7188,1,45.0,1,1.0794,12.4,65.0
2026-02-25T01:06:55.718Z,29.0,0,0,0.882,11.9108,1,1,96.2531,52.247,1,45.0,1,1.0792,12.4,65.0
2026-02-25T01:06:56.718Z,28.92,0,0,0.8814,11.8808,1,1,94.4149,52.71,1,45.0,1,1.0795,12.4,65.0
2026-02-25T01:06:57.718Z,28.84,0,0,0.8807,12.0617,1,1,95.7979,52.4492,1,45.0,1,1.0797,12.4,65.0
2026-02-25T01:06:58.718Z,28.76,0,0,0.8801,12.0461,1,1,95.5359,52.7271,1,45.0,1,1.0799,12.4,65.0
2026-02-25T01:06:59.718Z,28.68,0,0,0.8794,12.1214,1,1,96.9819,52.7779,1,45.0,1,1.0799,12.4,65.0
2026-02-25T01:07:00.718Z,28.6,0,0,0.8788,11.9671,1,1,96.7051,52.5848,1,45.0,1,1.0797,12.4,65.0
2026-02-25T01:07:01.718Z,28.52,0,0,0.8782,12.0539,1,1,95.7629,52.7236,1,45.0,1,1.0799,12.4,65.0
2026-02-25T01:07:02.718Z,28.44,0,0,0.8775,11.971,1,1,95.0924,52.212,1,45.0,1,1.0801,12.4,65.0
2026-02-25T01:07:03.718Z,28.36,0,0,0.8769,12.0239,1,1,96.246,52.6351,1,45.0,1,1.0801,12.4,65.0
2026-02-25T01:07:04.718Z,28.28,0,0,0.8762,12.1561,1,1,96.4076,52.6542,1,45.0,1,1.0803,12.4,65.0
2026-02-25T01:07:05.718Z,28.2,0,0,0.8756,11.875,1,1,47.858,54.0604,1,45.0,1,1.0921,12.4,65.0
2026-02-25T01:07:06.718Z,28.12,0,0,0.875,12.0163,1,1,48.2755,55.0521,1,45.0,1,1.1029,12.4,65.0
2026-02-25T01:07:07.718Z,28.04,0,0,0.8743,11.9885,1,1,48.2755,56.3626,1,45.0,1,1.1125,12.4,65.0
2026-02-25T01:07:08.718Z,27.96,0,0,0.8737,11.9431,1,1,47.7667,57.7649,1,45.0,1,1.1213,12.4,65.0
2026-02-25T01:07:09.718Z,27.88,0,0,0.873,11.9341,1,1,47.4101,58.8357,1,45.0,1,1.1292,12.4,65.0
2026-02-25T01:07:10.718Z,27.8,0,0,0.8724,12.1304,1,1,48.1222,59.6398,1,45.0,1,1.1364,12.4,65.0
2026-02-25T01:07:11.718Z,27.72,0,0,0.8718,11.8568,1,1,47.2751,60.7852,1,45.0,1,1.1428,12.4,65.0
2026-02-25T01:07:12.718Z,27.64,0,0,0.8711,12.0995,1,1,48.5493,61.8382,1,45.0,1,1.1485,12.4,65.0
2026-02-25T01:07:13.718Z,27.56,0,0,0.8705,11.9409,1,1,48.1052,62.6406,1,45.0,1,1.1535,12.4,65.0
2026-02-25T01:07:14.718Z,27.48,0,0,0.8698,12.1916,1,1,48.9007,63.2932,1,45.0,1,1.1582,12.4,65.0
2026-02-25T01:07:15.718Z,27.4,0,0,0.8692,12.0705,1,1,48.107,64.4633,1,45.0,1,1.1624,12.4,65.0
2026-02-25T01:07:16.718Z,27.32,0,0,0.8686,11.8279,1,1,46.9863,65.3664,1,45.0,1,1.1662,12.4,65.0
2026-02-25T01:07:17.718Z,27.24,0,0,0.8679,11.8909,1,1,47.9005,65.7436,1,45.0,1,1.1695,12.4,65.0
2026-02-25T01:07:18.718Z,27.16,0,0,0.8673,12.0572,1,1,48.4228,66.5788,1,45.0,1,1.1725,12.4,65.0
2026-02-25T01:07:19.718Z,27.08,0,0,0.8666,11.9221,1,1,47.4011,66.9792,1,45.0,1,1.1753,12.4,65.0
2026-02-25T01:07:20.718Z,27.0,0,0,0.866,11.9216,1,1,47.8395,68.1505,1,45.0,1,1.1778,12.4,65.0
2026-02-25T01:07:21.718Z,26.92,0,0,0.8654,12.1485,1,1,48.86,68.6512,1,45.0,1,1.1799,12.4,65.0
2026-02-25T01:07:22.718Z,26.84,0,0,0.8647,12.066,1,1,48.0243,69.3123,1,45.0,1,1.182,12.4,65.0
2026-02-25T01:07:23.718Z,26.76,0,0,0.8641,12.0683,1,1,48.3336,69.3777,1,45.0,1,1.1838,12.4,65.0
2026-02-25T01:07:24.718Z,26.68,0,0,0.8634,11.9788,1,1,47.8756,70.3516,1,45.0,1,1.1854,12.4,65.0
2026-02-25T01:07:25.718Z,26.6,0,0,0.8628,12.0187,1,1,47.955,70.9192,1,45.0,1,1.1869,12.4,65.0
2026-02-25T01:07:26.718Z,26.52,0,0,0.8622,11.8443,1,1,47.2997,70.8311,1,45.0,1,1.1882,12.4,65.0
2026-02-25T01:07:27.718Z,26.44,0,0,0.8615,12.096,1,1,48.8019,71.3951,1,45.0,1,1.1893,12.4,65.0
2026-02-25T01:07:28.718Z,26.36,0,0,0.8609,12.1433,1,1,48.3656,72.209,1,45.0,1,1.1904,12.4,65.0
2026-02-25T01:07:29.718Z,26.28,0,0,0.8602,12.1016,1,1,48.7112,72.058,1,45.0,1,1.1913,12.4,65.0
2026-02-25T01:07:30.718Z,26.2,0,0,0.8596,12.1851,1,1,48.9672,72.6,1,45.0,1,1.1921,12.4,65.0
2026-02-25T01:07:31.718Z,26.12,0,0,0.859,12.1318,1,1,48.3086,73.3173,1,45.0,1,1.193,12.4,65.0
2026-02-25T01:07:32.718Z,26.04,0,0,0.8583,11.845,1,1,47.5838,73.4516,1,45.0,1,1.1936,12.4,65.0
2026-02-25T01:07:33.718Z,25.96,0,0,0.8577,11.8386,1,1,47.0963,73.4784,1,45.0,1,1.1943,12.4,65.0
2026-02-25T01:07:34.718Z,25.88,0,0,0.857,11.9875,1,1,47.7513,74.1529,1,45.0,1,1.1949,12.4,65.0
2026-02-25T01:07:35.718Z,25.8,0,0,0.8564,11.9189,1,1,47.4755,74.5467,1,45.0,1,1.1955,12.4,65.0
2026-02-25T01:07:36.718Z,25.72,0,0,0.8558,11.8193,1,1,47.6799,74.8688,1,45.0,1,1.1958,12.4,65.0
2026-02-25T01:07:37.718Z,25.64,0,0,0.8551,12.0671,1,1,48.3617,75.1547,1,45.0,1,1.1962,12.4,65.0
2026-02-25T01:07:38.718Z,25.56,0,0,0.8545,11.8741,1,1,47.0755,75.0416,1,45.0,1,1.1967,12.4,65.0
2026-02-25T01:07:39.718Z,25.48,0,0,0.8538,12.1178,1,1,48.006,75.5144,1,45.0,1,1.1972,12.4,65.0
2026-02-25T01:07:40.718Z,25.4,0,0,0.8532,12.1982,1,1,49.1484,75.6844,1,45.0,1,1.1974,12.4,65.0
2026-02-25T01:07:41.718Z,25.32,0,0,0.8526,11.8255,1,1,47.6332,75.9282,1,45.0,1,1.1975,12.4,65.0
2026-02-25T01:07:42.718Z,25.24,0,0,0.8519,11.846,1,1,46.9778,76.3449,1,45.0,1,1.1979,12.4,65.0
2026-02-25T01:07:43.718Z,25.16,0,0,0.8513,12.0677,1,1,48.6,76.503,1,45.0,1,1.198,12.4,65.0
2026-02-25T01:07:44.718Z,25.08,0,0,0.8506,12.0287,1,1,48.1323,76.4191,1,45.0,1,1.1982,12.4,65.0
2026-02-25T01:07:45.718Z,25.0,0,0,0.85,11.9268,1,1,47.6417,76.8059,1,45.0,1,1.1984,12.4,65.0
2026-02-25T01:07:46.718Z,24.92,0,0,0.8494,12.0408,1,1,48.5556,76.7533,1,45.0,1,1.1985,12.4,65.0
2026-02-25T01:07:47.718Z,24.84,0,0,0.8487,12.0428,1,1,48.3027,76.9954,1,45.0,1,1.1986,12.4,65.0
2026-02-25T01:07:48.718Z,24.76,0,0,0.8481,12.0811,1,1,48.0616,77.1158,1,45.0,1,1.1988,12.4,65.0
2026-02-25T01:07:49.718Z,24.68,0,0,0.8474,11.8417,1,1,47.2513,77.2523,1,45.0,1,1.1989,12.4,65.0
2026-02-25T01:07:50.718Z,24.6,0,0,0.8468,12.0609,1,1,48.6941,77.4317,1,45.0,1,1.1989,12.4,65.0
2026-02-25T01:07:51.718Z,24.52,0,0,0.8462,12.0974,1,1,48.396,77.5828,1,45.0,1,1.199,12.4,65.0
2026-02-25T01:07:52.718Z,24.44,0,0,0.8455,11.8284,1,1,47.0679,77.5587,1,45.0,1,1.1992,12.4,65.0
2026-02-25T01:07:53.718Z,24.36,0,0,0.8449,11.989,1,1,47.5016,77.5698,1,45.0,1,1.1994,12.4,65.0
2026-02-25T01:07:54.718Z,24.28,0,0,0.8442,11.9107,1,1,48.1144,77.7684,1,45.0,1,1.1993,12.4,65.0
2026-02-25T01:07:55.718Z,24.2,0,0,0.8436,11.9928,1,1,47.6674,78.0601,1,45.0,1,1.1995,12.4,65.0
2026-02-25T01:07:56.718Z,24.12,0,0,0.843,11.9123,1,1,47.3561,78.1209,1,45.0,1,1.1996,12.4,65.0
2026-02-25T01:07:57.718Z,24.04,0,0,0.8423,11.8022,1,1,46.7165,78.0658,1,45.0,1,1.1998,12.4,65.0
2026-02-25T01:07:58.718Z,23.96,0,0,0.8417,11.8147,1,1,46.8668,78.249,1,45.0,1,1.1999,12.4,65.0
2026-02-25T01:07:59.718Z,23.88,0,0,0.841,12.121,1,1,48.5562,78.4319,1,45.0,1,1.1999,12.4,65.0
2026-02-25T01:08:00.718Z,23.8,0,0,0.8404,11.9174,1,1,48.1013,78.4166,1,45.0,1,1.1998,12.4,65.0
2026-02-25T01:08:01.718Z,23.72,0,0,0.8398,11.8348,1,1,47.4564,78.316,1,45.0,1,1.1998,12.4,65.0
2026-02-25T01:08:02.718Z,23.64,0,0,0.8391,11.9381,1,1,47.7598,78.8444,1,45.0,1,1.1998,12.4,65.0
2026-02-25T01:08:03.718Z,23.56,0,0,0.8385,11.9974,1,1,48.1919,78.973,1,45.0,1,1.1998,12.4,65.0
2026-02-25T01:08:04.718Z,23.48,0,0,0.8378,11.8526,1,1,47.1851,78.6934,1,45.0,1,1.1998,12.4,65.0
2026-02-25T01:08:05.718Z,23.4,0,0,0.8372,11.9687,1,1,47.7859,79.0685,1,45.0,1,1.1999,12.4,65.0
2026-02-25T01:08:06.718Z,23.32,0,0,0.8366,12.0856,1,1,48.4504,78.7622,1,45.0,1,1.1999,12.4,65.0
2026-02-25T01:08:07.718Z,23.24,0,0,0.8359,12.1295,1,1,48.9731,79.0999,1,45.0,1,1.1998,12.4,65.0
2026-02-25T01:08:08.718Z,23.16,0,0,0.8353,11.8006,1,1,47.3389,78.6846,1,45.0,1,1.1998,12.4,65.0
2026-02-25T01:08:09.718Z,23.08,0,0,0.8346,11.903,1,1,47.1717,79.0942,1,45.0,1,1.1999,12.4,65.0
2026-02-25T01:08:10.718Z,23.0,0,0,0.834,12.0746,1,1,47.913,79.0327,1,45.0,1,1.2,12.4,65.0
2026-02-25T01:08:11.718Z,22.92,0,0,0.8334,11.9825,1,1,47.799,78.9275,1,45.0,1,1.2,12.4,65.0
2026-02-25T01:08:12.718Z,22.84,0,0,0.8327,11.9676,1,1,48.1215,78.9254,1,45.0,1,1.2,12.4,65.0
2026-02-25T01:08:13.718Z,22.76,0,0,0.8321,11.8321,1,1,47.1831,79.4971,1,45.0,1,1.2,12.4,65.0
2026-02-25T01:08:14.718Z,22.68,0,0,0.8314,12.0674,1,1,48.4484,79.1775,1,45.0,1,1.2,12.4,65.0
2026-02-25T01:08:15.718Z,22.6,0,0,0.8308,12.0375,1,1,47.66,79.4072,1,45.0,1,1.2001,12.4,65.0
2026-02-25T01:08:16.718Z,22.52,0,0,0.8302,12.1653,1,1,48.7738,79.5772,1,45.0,1,1.2001,12.4,65.0
2026-02-25T01:08:17.718Z,22.44,0,0,0.8295,12.0896,1,1,47.9789,79.6485,1,45.0,1,1.2001,12.4,65.0
2026-02-25T01:08:18.718Z,22.36,0,0,0.8289,11.8266,1,1,47.3403,79.22,1,45.0,1,1.2001,12.4,65.0
2026-02-25T01:08:19.718Z,22.28,0,0,0.8282,11.8047,1,1,47.1408,79.3446,1,45.0,1,1.2001,12.4,65.0
2026-02-25T01:08:20.718Z,22.2,0,0,0.8276,11.9944,1,1,48.0548,79.216,1,45.0,1,1.2001,12.4,65.0
2026-02-25T01:08:21.718Z,22.12,0,0,0.827,11.8492,1,1,47.4554,79.4178,1,45.0,1,1.2001,12.4,65.0
2026-02-25T01:08:22.718Z,22.04,0,0,0.8263,12.0917,1,1,48.519,79.735,1,45.0,1,1.2,12.4,65.0
2026-02-25T01:08:23.718Z,21.96,0,0,0.8257,12.077,1,1,48.2379,79.659,1,45.0,1,1.2,12.4,65.0
2026-02-25T01:08:24.718Z,21.88,0,0,0.825,11.9102,1,1,47.4469,79.7621,1,45.0,1,1.2001,12.4,65.0
2026-02-25T01:08:25.718Z,21.8,0,0,0.8244,11.9786,1,1,48.2127,79.7857,1,45.0,1,1.2,12.4,65.0
2026-02-25T01:08:26.718Z,21.72,0,0,0.8238,12.143,1,1,48.9887,79.5478,1,45.0,1,1.1999,12.4,65.0
2026-02-25T01:08:27.718Z,21.64,0,0,0.8231,11.9275,1,1,47.7924,79.5278,1,45.0,1,1.1999,12.4,65.0
2026-02-25T01:08:28.718Z,21.56,0,0,0.8225,12.0404,1,1,48.3673,79.7262,1,45.0,1,1.1998,12.4,65.0
2026-02-25T01:08:29.718Z,21.48,0,0,0.8218,11.9498,1,1,47.4661,79.6101,1,45.0,1,1.1999,12.4,65.0
2026-02-25T01:08:30.718Z,21.4,0,0,0.8212,11.857,1,1,47.8182,79.5543,1,45.0,1,1.1999,12.4,65.0
2026-02-25T01:08:31.718Z,21.32,0,0,0.8206,11.8618,1,1,46.9726,79.7797,1,45.0,1,1.2,12.4,65.0
2026-02-25T01:08:32.718Z,21.24,0,0,0.8199,12.0548,1,1,48.0596,79.4597,1,45.0,1,1.2,12.4,65.0
2026-02-25T01:08:33.718Z,21.16,0,0,0.8193,11.9639,1,1,47.6666,79.848,1,45.0,1,1.2001,12.4,65.0
2026-02-25T01:08:34.718Z,21.08,0,0,0.8186,12.0423,1,1,48.0338,79.5932,1,45.0,1,1.2001,12.4,65.0
2026-02-25T01:08:35.718Z,21.0,0,0,0.818,12.1952,1,1,48.7349,79.8899,1,45.0,1,1.2001,12.4,65.0
2026-02-25T01:08:36.718Z,20.92,0,0,0.8174,11.8562,1,1,47.4105,79.5054,1,45.0,1,1.2001,12.4,65.0
2026-02-25T01:08:37.718Z,20.84,0,0,0.8167,12.0022,1,1,48.4727,79.7036,1,45.0,1,1.2,12.4,65.0
2026-02-25T01:08:38.718Z,20.76,0,0,0.8161,11.8156,1,1,46.7933,79.7448,1,45.0,1,1.2001,12.4,65.0
2026-02-25T01:08:39.718Z,20.68,0,0,0.8154,11.864,1,1,46.9794,80.0031,1,45.0,1,1.2002,12.4,65.0
2026-02-25T01:08:40.718Z,20.6,0,0,0.8148,11.9834,1,1,47.7229,80.1091,1,45.0,1,1.2002,12.4,65.0
2026-02-25T01:08:41.718Z,20.52,0,0,0.8142,11.8465,1,1,47.8417,79.7377,1,45.0,1,1.2001,12.4,65.0
2026-02-25T01:08:42.718Z,20.44,0,0,0.8135,12.1554,1,1,48.7244,80.0471,1,45.0,1,1.2001,12.4,65.0
2026-02-25T01:08:43.718Z,20.36,0,0,0.8129,12.1936,1,1,48.5628,80.1472,1,45.0,1,1.2001,12.4,65.0
2026-02-25T01:08:44.718Z,20.28,0,0,0.8122,11.9558,1,1,47.7087,79.7878,1,45.0,1,1.2001,12.4,65.0
2026-02-25T01:08:45.718Z,20.2,0,0,0.8116,12.0166,1,1,47.7204,79.9416,1,45.0,1,1.2002,12.4,65.0
2026-02-25T01:08:46.718Z,20.12,0,0,0.811,12.0167,1,1,48.3286,80.0991,1,45.0,1,1.2001,12.4,65.0
2026-02-25T01:08:47.718Z,20.04,0,0,0.8103,11.9762,1,1,47.707,79.771,1,45.0,1,1.2002,12.4,65.0
2026-02-25T01:08:48.718Z,19.96,0,0,0.8097,11.8778,1,1,47.069,79.8509,1,45.0,1,1.2002,12.4,65.0
2026-02-25T01:08:49.718Z,19.88,0,0,0.809,11.9081,1,1,48.0988,79.9562,1,45.0,1,1.2001,12.4,65.0
2026-02-25T01:08:50.718Z,19.8,0,0,0.8084,11.9389,1,1,47.8361,79.7044,1,45.0,1,1.2001,12.4,65.0
2026-02-25T01:08:51.718Z,19.72,0,0,0.8078,11.9776,1,1,48.0367,79.9109,1,45.0,1,1.2,12.4,65.0
2026-02-25T01:08:52.718Z,19.64,0,0,0.8071,11.9607,1,1,48.3367,80.1218,1,45.0,1,1.1999,12.4,65.0
2026-02-25T01:08:53.718Z,19.56,0,0,0.8065,12.0494,1,1,48.2668,79.9674,1,45.0,1,1.1999,12.4,65.0
2026-02-25T01:08:54.718Z,19.48,0,0,0.8058,11.8805,1,1,47.4172,79.63,1,45.0,1,1.1999,12.4,65.0
2026-02-25T01:08:55.718Z,19.4,0,0,0.8052,11.9902,1,1,48.0039,79.7452,1,45.0,1,1.1999,12.4,65.0
2026-02-25T01:08:56.718Z,19.32,0,0,0.8046,12.1856,1,1,49.1519,80.0235,1,45.0,1,1.1998,12.4,65.0
2026-02-25T01:08:57.718Z,19.24,0,0,0.8039,12.0134,1,1,48.4234,79.653,1,45.0,1,1.1998,12.4,65.0
2026-02-25T01:08:58.718Z,19.16,0,0,0.8033,12.1162,1,1,48.0896,80.0789,1,45.0,1,1.1999,12.4,65.0
2026-02-25T01:08:59.718Z,19.08,0,0,0.8026,11.9103,1,1,48.0183,80.1521,1,45.0,1,1.1998,12.4,65.0
2026-02-25T01:09:00.718Z,19.0,0,0,0.802,11.8595,1,1,47.4007,80.1821,1,45.0,1,1.1998,12.4,65.0
2026-02-25T01:09:01.718Z,18.92,0,0,0.8014,11.9934,1,1,48.337,79.9314,1,45.0,1,1.1998,12.4,65.0
2026-02-25T01:09:02.718Z,18.84,0,0,0.8007,11.9501,1,1,47.5863,79.7186,1,45.0,1,1.1998,12.4,65.0
2026-02-25T01:09:03.718Z,18.76,0,0,0.8001,12.1047,1,1,48.3054,79.915,1,45.0,1,1.1999,12.4,65.0
2026-02-25T01:09:04.718Z,18.68,0,0,0.7994,11.9969,1,1,48.065,80.1278,1,45.0,1,1.1999,12.4,65.0
2026-02-25T01:09:05.718Z,18.6,0,0,0.7988,12.1923,1,1,48.6768,80.1148,1,45.0,1,1.1999,12.4,65.0
2026-02-25T01:09:06.718Z,18.52,0,0,0.7982,12.1058,1,1,48.4968,80.1918,1,45.0,1,1.1999,12.4,65.0
2026-02-25T01:09:07.718Z,18.44,0,0,0.7975,11.8802,1,1,47.13,80.1574,1,45.0,1,1.2,12.4,65.0
2026-02-25T01:09:08.718Z,18.36,0,0,0.7969,11.9757,1,1,48.2496,80.1639,1,45.0,1,1.1999,12.4,65.0
2026-02-25T01:09:09.718Z,18.28,0,0,0.7962,11.825,1,1,47.6834,79.8785,1,45.0,1,1.1998,12.4,65.0
2026-02-25T01:09:10.718Z,18.2,0,0,0.7956,12.0042,1,1,48.1433,80.1626,1,45.0,1,1.1998,12.4,65.0
2026-02-25T01:09:11.718Z,18.12,0,0,0.795,11.8076,1,1,47.2074,80.0254,1,45.0,1,1.1998,12.4,65.0
2026-02-25T01:09:12.718Z,18.04,0,0,0.7943,12.0891,1,1,48.5489,79.6869,1,45.0,1,1.1998,12.4,65.0
2026-02-25T01:09:13.718Z,17.96,0,0,0.7937,11.9198,1,1,47.5377,80.1018,1,45.0,1,1.1999,12.4,65.0
2026-02-25T01:09:14.718Z,17.88,0,0,0.793,11.9115,1,1,47.3567,80.2144,1,45.0,1,1.1999,12.4,65.0
2026-02-25T01:09:15.718Z,17.8,0,0,0.7924,11.8035,1,1,47.712,80.0204,1,45.0,1,1.1998,12.4,65.0
2026-02-25T01:09:16.718Z,17.72,0,0,0.7918,12.1314,1,1,48.3202,79.6388,1,45.0,1,1.1999,12.4,65.0
2026-02-25T01:09:17.718Z,17.64,0,0,0.7911,12.0951,1,1,48.7147,80.0592,1,45.0,1,1.1998,12.4,65.0
2026-02-25T01:09:18.718Z,17.56,0,0,0.7905,11.8571,1,1,47.682,80.0659,1,45.0,1,1.1998,12.4,65.0
2026-02-25T01:09:19.718Z,17.48,0,0,0.7898,12.0634,1,1,48.5198,80.1018,1,45.0,1,1.1997,12.4,65.0
2026-02-25T01:09:20.718Z,17.4,0,0,0.7892,12.0454,1,1,47.7704,79.9158,1,45.0,1,1.1999,12.4,65.0
2026-02-25T01:09:21.718Z,17.32,0,0,0.7886,11.8311,1,1,47.2318,79.8767,1,45.0,1,1.1999,12.4,65.0
2026-02-25T01:09:22.718Z,17.24,0,0,0.7879,11.8264,1,1,47.1544,79.7112,1,45.0,1,1.1999,12.4,65.0
2026-02-25T01:09:23.718Z,17.16,0,0,0.7873,12.1233,1,1,48.9409,79.6656,1,45.0,1,1.1998,12.4,65.0
2026-02-25T01:09:24.718Z,17.08,0,0,0.7866,12.182,1,1,48.7508,79.8046,1,45.0,1,1.1999,12.4,65.0
2026-02-25T01:09:25.718Z,17.0,0,0,0.786,11.8307,1,1,47.3236,80.1053,1,45.0,1,1.1999,12.4,65.0
2026-02-25T01:09:26.718Z,16.92,0,0,0.7854,12.0828,1,1,47.8816,79.7017,1,45.0,1,1.2,12.4,65.0
2026-02-25T01:09:27.718Z,16.84,0,0,0.7847,11.9611,1,1,47.6399,79.8113,1,45.0,1,1.2,12.4,65.0
2026-02-25T01:09:28.718Z,16.76,0,0,0.7841,11.9124,1,1,47.9531,80.2134,1,45.0,1,1.2,12.4,65.0
2026-02-25T01:09:29.718Z,16.68,0,0,0.7834,11.962,1,1,48.2543,79.8278,1,45.0,1,1.1999,12.4,65.0
2026-02-25T01:09:30.718Z,16.6,0,0,0.7828,11.9906,1,1,47.6883,80.0383,1,45.0,1,1.1999,12.4,65.0
2026-02-25T01:09:31.718Z,16.52,0,0,0.7822,12.1916,1,1,48.8699,79.8652,1,45.0,1,1.1999,12.4,65.0
2026-02-25T01:09:32.718Z,16.44,0,0,0.7815,12.0591,1,1,47.8594,80.2078,1,45.0,1,1.2,12.4,65.0
2026-02-25T01:09:33.718Z,16.36,0,0,0.7809,12.0012,1,1,47.9543,80.0303,1,45.0,1,1.2,12.4,65.0
2026-02-25T01:09:34.718Z,16.28,0,0,0.7802,12.0499,1,1,47.7714,80.1141,1,45.0,1,1.2001,12.4,65.0
2026-02-25T01:09:35.718Z,16.2,0,0,0.7796,11.8968,1,1,47.801,80.1855,1,45.0,1,1.2001,12.4,65.0
2026-02-25T01:09:36.718Z,16.12,0,0,0.779,12.1216,1,1,48.5388,80.0015,1,45.0,1,1.2001,12.4,65.0
2026-02-25T01:09:37.718Z,16.04,0,0,0.7783,11.8572,1,1,47.7039,79.8369,1,45.0,1,1.2,12.4,65.0
2026-02-25T01:09:38.718Z,15.96,0,0,0.7777,11.9987,1,1,47.779,79.7681,1,45.0,1,1.2,12.4,65.0
2026-02-25T01:09:39.718Z,15.88,0,0,0.777,12.0518,1,1,47.7616,80.1632,1,45.0,1,1.2001,12.4,65.0
2026-02-25T01:09:40.718Z,15.8,0,0,0.7764,11.927,1,1,47.2083,80.0491,1,45.0,1,1.2003,12.4,65.0
2026-02-25T01:09:41.718Z,15.72,0,0,0.7758,11.8187,1,1,47.0511,80.1776,1,45.0,1,1.2003,12.4,65.0
2026-02-25T01:09:42.718Z,15.64,0,0,0.7751,11.8251,1,1,47.6396,79.7334,1,45.0,1,1.2002,12.4,65.0
2026-02-25T01:09:43.718Z,15.56,0,0,0.7745,11.8987,1,1,47.8358,79.9055,1,45.0,1,1.2001,12.4,65.0
2026-02-25T01:09:44.718Z,15.48,0,0,0.7738,11.8408,1,1,47.2233,79.8853,1,45.0,1,1.2001,12.4,65.0
2026-02-25T01:09:45.718Z,15.4,0,0,0.7732,12.1371,1,1,48.3617,80.2059,1,45.0,1,1.2002,12.4,65.0
2026-02-25T01:09:46.718Z,15.32,0,0,0.7726,12.1567,1,1,48.5608,80.2806,1,45.0,1,1.2002,12.4,65.0
2026-02-25T01:09:47.718Z,15.24,0,0,0.7719,11.9509,1,1,48.2678,79.7601,1,45.0,1,1.2,12.4,65.0
2026-02-25T01:09:48.718Z,15.16,0,0,0.7713,12.0748,1,1,48.293,79.9391,1,45.0,1,1.2,12.4,65.0
2026-02-25T01:09:49.718Z,15.08,0,0,0.7706,12.0531,1,1,48.4162,79.6972,1,45.0,1,1.2,12.4,65.0
2026-02-25T01:09:50.718Z,15.0,0,0,0.77,11.8668,1,1,47.6802,80.0824,1,45.0,1,1.1999,12.4,65.0
2026-02-25T01:09:51.718Z,14.92,0,0,0.7694,12.1864,1,1,49.0067,80.2393,1,45.0,1,1.1999,12.4,65.0
2026-02-25T01:09:52.718Z,14.84,0,0,0.7687,12.081,1,1,48.1221,79.7451,1,45.0,1,1.1999,12.4,65.0
2026-02-25T01:09:53.718Z,14.76,0,0,0.7681,12.1127,1,1,48.5951,79.7036,1,45.0,1,1.1999,12.4,65.0
2026-02-25T01:09:54.718Z,14.68,0,0,0.7674,11.944,1,1,48.2329,79.9501,1,45.0,1,1.1998,12.4,65.0
2026-02-25T01:09:55.718Z,14.6,0,0,0.7668,11.9731,1,1,47.8501,79.7802,1,45.0,1,1.1998,12.4,65.0
2026-02-25T01:09:56.718Z,14.52,0,0,0.7662,11.9475,1,1,47.6597,79.696,1,45.0,1,1.1999,12.4,65.0
2026-02-25T01:09:57.718Z,14.44,0,0,0.7655,12.107,1,1,48.3446,80.1644,1,45.0,1,1.1999,12.4,65.0
2026-02-25T01:09:58.718Z,14.36,0,0,0.7649,12.1401,1,1,48.2726,80.0834,1,45.0,1,1.2,12.4,65.0
2026-02-25T01:09:59.718Z,14.28,0,0,0.7642,11.9889,1,1,48.3358,79.7973,1,45.0,1,1.1999,12.4,65.0
2026-02-25T01:10:00.718Z,14.2,0,0,0.7636,12.0711,1,1,48.3923,79.8406,1,45.0,1,1.1999,12.4,65.0
2026-02-25T01:10:01.718Z,14.12,0,0,0.763,11.8546,1,1,47.5702,80.0996,1,45.0,1,1.1999,12.4,65.0
2026-02-25T01:10:02.718Z,14.04,0,0,0.7623,11.9263,1,1,47.8498,79.8874,1,45.0,1,1.1998,12.4,65.0
2026-02-25T01:10:03.718Z,13.96,0,0,0.7617,12.0853,1,1,48.0403,80.2041,1,45.0,1,1.1999,12.4,65.0
2026-02-25T01:10:04.718Z,13.88,0,0,0.761,11.915,1,1,47.5276,79.714,1,45.0,1,1.2,12.4,65.0
